Workbook

Sheet Data
A1: =IFERROR(__xludf.DUMMYFUNCTION("IMPORTRANGE(""https://docs.google.com/spreadsheets/d/1DL0yY55duy_4Vb7h9L0y6XEA3qVJwBjNzmRrPMQrc5E/edit?gid=0#gid=0"",""All Item List!A1:O"")"),"") | B1: =IFERROR(__xludf.DUMMYFUNCTION("""COMPUTED_VALUE"""),"Total Items Count :") -> Total Items Count : | D1: =IFERROR(__xludf.DUMMYFUNCTION("""COMPUTED_VALUE"""),301.0) -> 301
B2: =IFERROR(__xludf.DUMMYFUNCTION("""COMPUTED_VALUE"""),"Details Confirmed :") -> Details Confirmed : | D2: =IFERROR(__xludf.DUMMYFUNCTION("""COMPUTED_VALUE"""),246.0) -> 246
A3: =IFERROR(__xludf.DUMMYFUNCTION("""COMPUTED_VALUE"""),"Details Confirm") -> Details Confirm | B3: =IFERROR(__xludf.DUMMYFUNCTION("""COMPUTED_VALUE"""),"Image") -> Image | C3: =IFERROR(__xludf.DUMMYFUNCTION("""COMPUTED_VALUE"""),"Item ID") -> Item ID | D3: =IFERROR(__xludf.DUMMYFUNCTION("""COMPUTED_VALUE"""),"Image URL") -> Image URL | E3: =IFERROR(__xludf.DUMMYFUNCTION("""COMPUTED_VALUE"""),"Item EN") -> Item EN | F3: =IFERROR(__xludf.DUMMYFUNCTION("""COMPUTED_VALUE"""),"Price") -> Price | G3: =IFERROR(__xludf.DUMMYFUNCTION("""COMPUTED_VALUE"""),"GC Price") -> GC Price | H3: =IFERROR(__xludf.DUMMYFUNCTION("""COMPUTED_VALUE"""),"Dollar Price") -> Dollar Price | I3: =IFERROR(__xludf.DUMMYFUNCTION("""COMPUTED_VALUE"""),"Item Type") -> Item Type | J3: =IFERROR(__xludf.DUMMYFUNCTION("""COMPUTED_VALUE"""),"Stackable") -> Stackable | K3: =IFERROR(__xludf.DUMMYFUNCTION("""COMPUTED_VALUE"""),"Tier") -> Tier | L3: =IFERROR(__xludf.DUMMYFUNCTION("""COMPUTED_VALUE"""),"SFTP Url") -> SFTP Url | N3: =IFERROR(__xludf.DUMMYFUNCTION("""COMPUTED_VALUE"""),"Description") -> Description | O3: =IFERROR(__xludf.DUMMYFUNCTION("""COMPUTED_VALUE"""),"Aztek Item ID") -> Aztek Item ID
A4: =IFERROR(__xludf.DUMMYFUNCTION("""COMPUTED_VALUE"""),TRUE) -> TRUE | B4: =IFERROR(__xludf.DUMMYFUNCTION("""COMPUTED_VALUE"""),"") | C4: =IFERROR(__xludf.DUMMYFUNCTION("""COMPUTED_VALUE"""),400136.0) -> 400136 | D4: =IFERROR(__xludf.DUMMYFUNCTION("""COMPUTED_VALUE"""),"https://cdn.exe.in.th/marketing/WarzTH_LE/Item%20Dict/12g_slug.png") -> https://cdn.exe.in.th/marketing/WarzTH_LE/Item%20Dict/12g_slug.png | E4: =IFERROR(__xludf.DUMMYFUNCTION("""COMPUTED_VALUE"""),"12 Gauge Slug") -> 12 Gauge Slug | F4: =IFERROR(__xludf.DUMMYFUNCTION("""COMPUTED_VALUE"""),1.5) -> 1.5 | G4: =IFERROR(__xludf.DUMMYFUNCTION("""COMPUTED_VALUE"""),"-") -> - | H4: =IFERROR(__xludf.DUMMYFUNCTION("""COMPUTED_VALUE"""),"1,250 Dollars") -> 1,250 Dollars | I4: =IFERROR(__xludf.DUMMYFUNCTION("""COMPUTED_VALUE"""),"Ammo") -> Ammo | J4: =IFERROR(__xludf.DUMMYFUNCTION("""COMPUTED_VALUE"""),"Yes") -> Yes | L4: =IFERROR(__xludf.DUMMYFUNCTION("""COMPUTED_VALUE"""),"sftp://graphic@103.41.58.141/marketing/WarzTH_LE/Item%20Dict/12g_slug.png") -> sftp://graphic@103.41.58.141/marketing/WarzTH_LE/Item%20Dict/12g_slug.png | N4: =IFERROR(__xludf.DUMMYFUNCTION("""COMPUTED_VALUE"""),"8 slugs for use in the Mossberg and KT Decider shotguns") -> 8 slugs for use in the Mossberg and KT Decider shotguns
A5: =IFERROR(__xludf.DUMMYFUNCTION("""COMPUTED_VALUE"""),TRUE) -> TRUE | B5: =IFERROR(__xludf.DUMMYFUNCTION("""COMPUTED_VALUE"""),"") | C5: =IFERROR(__xludf.DUMMYFUNCTION("""COMPUTED_VALUE"""),400144.0) -> 400144 | D5: =IFERROR(__xludf.DUMMYFUNCTION("""COMPUTED_VALUE"""),"https://cdn.exe.in.th/marketing/WarzTH_LE/Item%20Dict/ruger_mag.png") -> https://cdn.exe.in.th/marketing/WarzTH_LE/Item%20Dict/ruger_mag.png | E5: =IFERROR(__xludf.DUMMYFUNCTION("""COMPUTED_VALUE"""),".22 Caliber clip") -> .22 Caliber clip | F5: =IFERROR(__xludf.DUMMYFUNCTION("""COMPUTED_VALUE"""),0.8) -> 0.8 | G5: =IFERROR(__xludf.DUMMYFUNCTION("""COMPUTED_VALUE"""),"-") -> - | H5: =IFERROR(__xludf.DUMMYFUNCTION("""COMPUTED_VALUE"""),"700 Dollars") -> 700 Dollars | I5: =IFERROR(__xludf.DUMMYFUNCTION("""COMPUTED_VALUE"""),"Ammo") -> Ammo | J5: =IFERROR(__xludf.DUMMYFUNCTION("""COMPUTED_VALUE"""),"Yes") -> Yes | L5: =IFERROR(__xludf.DUMMYFUNCTION("""COMPUTED_VALUE"""),"sftp://graphic@103.41.58.141/marketing/WarzTH_LE/Item%20Dict/ruger_mag.png") -> sftp://graphic@103.41.58.141/marketing/WarzTH_LE/Item%20Dict/ruger_mag.png | N5: =IFERROR(__xludf.DUMMYFUNCTION("""COMPUTED_VALUE"""),"10 round, 22 cal ammo clip for Ruger pistols and rifles") -> 10 round, 22 cal ammo clip for Ruger pistols and rifles
A6: =IFERROR(__xludf.DUMMYFUNCTION("""COMPUTED_VALUE"""),TRUE) -> TRUE | B6: =IFERROR(__xludf.DUMMYFUNCTION("""COMPUTED_VALUE"""),"") | C6: =IFERROR(__xludf.DUMMYFUNCTION("""COMPUTED_VALUE"""),400137.0) -> 400137 | D6: =IFERROR(__xludf.DUMMYFUNCTION("""COMPUTED_VALUE"""),"https://cdn.exe.in.th/marketing/WarzTH_LE/Item%20Dict/12g.png") -> https://cdn.exe.in.th/marketing/WarzTH_LE/Item%20Dict/12g.png | E6: =IFERROR(__xludf.DUMMYFUNCTION("""COMPUTED_VALUE"""),"2x 12gauge") -> 2x 12gauge | F6: =IFERROR(__xludf.DUMMYFUNCTION("""COMPUTED_VALUE"""),1.5) -> 1.5 | G6: =IFERROR(__xludf.DUMMYFUNCTION("""COMPUTED_VALUE"""),"-") -> - | H6: =IFERROR(__xludf.DUMMYFUNCTION("""COMPUTED_VALUE"""),"1,250 Dollars") -> 1,250 Dollars | I6: =IFERROR(__xludf.DUMMYFUNCTION("""COMPUTED_VALUE"""),"Ammo") -> Ammo | J6: =IFERROR(__xludf.DUMMYFUNCTION("""COMPUTED_VALUE"""),"Yes") -> Yes | L6: =IFERROR(__xludf.DUMMYFUNCTION("""COMPUTED_VALUE"""),"sftp://graphic@103.41.58.141/marketing/WarzTH_LE/Item%20Dict/12g.png") -> sftp://graphic@103.41.58.141/marketing/WarzTH_LE/Item%20Dict/12g.png | N6: =IFERROR(__xludf.DUMMYFUNCTION("""COMPUTED_VALUE"""),"Ammo for use with the double barrel shotgun") -> Ammo for use with the double barrel shotgun
A7: =IFERROR(__xludf.DUMMYFUNCTION("""COMPUTED_VALUE"""),TRUE) -> TRUE | B7: =IFERROR(__xludf.DUMMYFUNCTION("""COMPUTED_VALUE"""),"") | C7: =IFERROR(__xludf.DUMMYFUNCTION("""COMPUTED_VALUE"""),400070.0) -> 400070 | D7: =IFERROR(__xludf.DUMMYFUNCTION("""COMPUTED_VALUE"""),"https://cdn.exe.in.th/marketing/WarzTH_LE/Item%20Dict/.308_ammo.png") -> https://cdn.exe.in.th/marketing/WarzTH_LE/Item%20Dict/.308_ammo.png | E7: =IFERROR(__xludf.DUMMYFUNCTION("""COMPUTED_VALUE"""),".308 Winchester Sniper rifle ammo") -> .308 Winchester Sniper rifle ammo | F7: =IFERROR(__xludf.DUMMYFUNCTION("""COMPUTED_VALUE"""),3.0) -> 3 | G7: =IFERROR(__xludf.DUMMYFUNCTION("""COMPUTED_VALUE"""),"30 GC") -> 30 GC | H7: =IFERROR(__xludf.DUMMYFUNCTION("""COMPUTED_VALUE"""),"-") -> - | I7: =IFERROR(__xludf.DUMMYFUNCTION("""COMPUTED_VALUE"""),"Ammo") -> Ammo | J7: =IFERROR(__xludf.DUMMYFUNCTION("""COMPUTED_VALUE"""),"Yes") -> Yes | L7: =IFERROR(__xludf.DUMMYFUNCTION("""COMPUTED_VALUE"""),"sftp://graphic@103.41.58.141/marketing/WarzTH_LE/Item%20Dict/.308_ammo.png") -> sftp://graphic@103.41.58.141/marketing/WarzTH_LE/Item%20Dict/.308_ammo.png | N7: =IFERROR(__xludf.DUMMYFUNCTION("""COMPUTED_VALUE"""),"7.62x51mm NATO sniper rifle clip for use with the .308 Winchester Sniple Rifle. Magazine holds 10 rounds") -> 7.62x51mm NATO sniper rifle clip for use with the .308 Winchester Sniple Rifle. Magazine holds 10 rounds
A8: =IFERROR(__xludf.DUMMYFUNCTION("""COMPUTED_VALUE"""),TRUE) -> TRUE | B8: =IFERROR(__xludf.DUMMYFUNCTION("""COMPUTED_VALUE"""),"") | C8: =IFERROR(__xludf.DUMMYFUNCTION("""COMPUTED_VALUE"""),400154.0) -> 400154 | D8: =IFERROR(__xludf.DUMMYFUNCTION("""COMPUTED_VALUE"""),"https://cdn.exe.in.th/marketing/WarzTH_LE/Item%20Dict/.40_1911_mag.png") -> https://cdn.exe.in.th/marketing/WarzTH_LE/Item%20Dict/.40_1911_mag.png | E8: =IFERROR(__xludf.DUMMYFUNCTION("""COMPUTED_VALUE"""),".40 caliber 1911 Mag") -> .40 caliber 1911 Mag | F8: =IFERROR(__xludf.DUMMYFUNCTION("""COMPUTED_VALUE"""),0.6) -> 0.6 | G8: =IFERROR(__xludf.DUMMYFUNCTION("""COMPUTED_VALUE"""),"-") -> - | H8: =IFERROR(__xludf.DUMMYFUNCTION("""COMPUTED_VALUE"""),"500 Dollars") -> 500 Dollars | I8: =IFERROR(__xludf.DUMMYFUNCTION("""COMPUTED_VALUE"""),"Ammo") -> Ammo | J8: =IFERROR(__xludf.DUMMYFUNCTION("""COMPUTED_VALUE"""),"Yes") -> Yes | L8: =IFERROR(__xludf.DUMMYFUNCTION("""COMPUTED_VALUE"""),"sftp://graphic@103.41.58.141/marketing/WarzTH_LE/Item%20Dict/.40_1911_mag.png") -> sftp://graphic@103.41.58.141/marketing/WarzTH_LE/Item%20Dict/.40_1911_mag.png | N8: =IFERROR(__xludf.DUMMYFUNCTION("""COMPUTED_VALUE"""),"7 round single-stack magazine for the 1911") -> 7 round single-stack magazine for the 1911
A9: =IFERROR(__xludf.DUMMYFUNCTION("""COMPUTED_VALUE"""),TRUE) -> TRUE | B9: =IFERROR(__xludf.DUMMYFUNCTION("""COMPUTED_VALUE"""),"") | C9: =IFERROR(__xludf.DUMMYFUNCTION("""COMPUTED_VALUE"""),400135.0) -> 400135 | D9: =IFERROR(__xludf.DUMMYFUNCTION("""COMPUTED_VALUE"""),"https://cdn.exe.in.th/marketing/WarzTH_LE/Item%20Dict/.45ee_ammo.png") -> https://cdn.exe.in.th/marketing/WarzTH_LE/Item%20Dict/.45ee_ammo.png | E9: =IFERROR(__xludf.DUMMYFUNCTION("""COMPUTED_VALUE"""),".45 ACP STI Eagle Elite ammo") -> .45 ACP STI Eagle Elite ammo | F9: =IFERROR(__xludf.DUMMYFUNCTION("""COMPUTED_VALUE"""),1.5) -> 1.5 | G9: =IFERROR(__xludf.DUMMYFUNCTION("""COMPUTED_VALUE"""),"-") -> - | H9: =IFERROR(__xludf.DUMMYFUNCTION("""COMPUTED_VALUE"""),"1,250 Dollars") -> 1,250 Dollars | I9: =IFERROR(__xludf.DUMMYFUNCTION("""COMPUTED_VALUE"""),"Ammo") -> Ammo | J9: =IFERROR(__xludf.DUMMYFUNCTION("""COMPUTED_VALUE"""),"Yes") -> Yes | L9: =IFERROR(__xludf.DUMMYFUNCTION("""COMPUTED_VALUE"""),"sftp://graphic@103.41.58.141/marketing/WarzTH_LE/Item%20Dict/.45ee_ammo.png") -> sftp://graphic@103.41.58.141/marketing/WarzTH_LE/Item%20Dict/.45ee_ammo.png | N9: =IFERROR(__xludf.DUMMYFUNCTION("""COMPUTED_VALUE"""),".45 ACP 10 rounds magazine for the STI Eagle Elite handgun") -> .45 ACP 10 rounds magazine for the STI Eagle Elite handgun
A10: =IFERROR(__xludf.DUMMYFUNCTION("""COMPUTED_VALUE"""),TRUE) -> TRUE | B10: =IFERROR(__xludf.DUMMYFUNCTION("""COMPUTED_VALUE"""),"") | C10: =IFERROR(__xludf.DUMMYFUNCTION("""COMPUTED_VALUE"""),400133.0) -> 400133 | D10: =IFERROR(__xludf.DUMMYFUNCTION("""COMPUTED_VALUE"""),"https://cdn.exe.in.th/marketing/WarzTH_LE/Item%20Dict/.50_ammo.png") -> https://cdn.exe.in.th/marketing/WarzTH_LE/Item%20Dict/.50_ammo.png | E10: =IFERROR(__xludf.DUMMYFUNCTION("""COMPUTED_VALUE"""),".50 BMG") -> .50 BMG | F10: =IFERROR(__xludf.DUMMYFUNCTION("""COMPUTED_VALUE"""),5.0) -> 5 | G10: =IFERROR(__xludf.DUMMYFUNCTION("""COMPUTED_VALUE"""),"50 GC") -> 50 GC | H10: =IFERROR(__xludf.DUMMYFUNCTION("""COMPUTED_VALUE"""),"-") -> - | I10: =IFERROR(__xludf.DUMMYFUNCTION("""COMPUTED_VALUE"""),"Ammo") -> Ammo | J10: =IFERROR(__xludf.DUMMYFUNCTION("""COMPUTED_VALUE"""),"Yes") -> Yes | L10: =IFERROR(__xludf.DUMMYFUNCTION("""COMPUTED_VALUE"""),"sftp://graphic@103.41.58.141/marketing/WarzTH_LE/Item%20Dict/.50_ammo.png") -> sftp://graphic@103.41.58.141/marketing/WarzTH_LE/Item%20Dict/.50_ammo.png | N10: =IFERROR(__xludf.DUMMYFUNCTION("""COMPUTED_VALUE"""),"12.7x99mm NATO anti material rounds for M107A1 rifle. 5 rounds per magazine") -> 12.7x99mm NATO anti material rounds for M107A1 rifle. 5 rounds per magazine
A11: =IFERROR(__xludf.DUMMYFUNCTION("""COMPUTED_VALUE"""),TRUE) -> TRUE | B11: =IFERROR(__xludf.DUMMYFUNCTION("""COMPUTED_VALUE"""),"") | C11: =IFERROR(__xludf.DUMMYFUNCTION("""COMPUTED_VALUE"""),400001.0) -> 400001 | D11: =IFERROR(__xludf.DUMMYFUNCTION("""COMPUTED_VALUE"""),"https://cdn.exe.in.th/marketing/WarzTH_LE/Item%20Dict/5.45AK_30.png") -> https://cdn.exe.in.th/marketing/WarzTH_LE/Item%20Dict/5.45AK_30.png | E11: =IFERROR(__xludf.DUMMYFUNCTION("""COMPUTED_VALUE"""),"5.45 AK 30") -> 5.45 AK 30 | F11: =IFERROR(__xludf.DUMMYFUNCTION("""COMPUTED_VALUE"""),1.5) -> 1.5 | G11: =IFERROR(__xludf.DUMMYFUNCTION("""COMPUTED_VALUE"""),"-") -> - | H11: =IFERROR(__xludf.DUMMYFUNCTION("""COMPUTED_VALUE"""),"1,200 Dollars") -> 1,200 Dollars | I11: =IFERROR(__xludf.DUMMYFUNCTION("""COMPUTED_VALUE"""),"Ammo") -> Ammo | J11: =IFERROR(__xludf.DUMMYFUNCTION("""COMPUTED_VALUE"""),"Yes") -> Yes | L11: =IFERROR(__xludf.DUMMYFUNCTION("""COMPUTED_VALUE"""),"sftp://graphic@103.41.58.141/marketing/WarzTH_LE/Item%20Dict/5.45AK_30.png") -> sftp://graphic@103.41.58.141/marketing/WarzTH_LE/Item%20Dict/5.45AK_30.png | N11: =IFERROR(__xludf.DUMMYFUNCTION("""COMPUTED_VALUE"""),"This is a standard 5.45x39mm 30 rounds clip for the russian AK 74M family of rifles") -> This is a standard 5.45x39mm 30 rounds clip for the russian AK 74M family of rifles
A12: =IFERROR(__xludf.DUMMYFUNCTION("""COMPUTED_VALUE"""),TRUE) -> TRUE | B12: =IFERROR(__xludf.DUMMYFUNCTION("""COMPUTED_VALUE"""),"") | C12: =IFERROR(__xludf.DUMMYFUNCTION("""COMPUTED_VALUE"""),400069.0) -> 400069 | D12: =IFERROR(__xludf.DUMMYFUNCTION("""COMPUTED_VALUE"""),"https://cdn.exe.in.th/marketing/WarzTH_LE/Item%20Dict/5.45AK_45.png") -> https://cdn.exe.in.th/marketing/WarzTH_LE/Item%20Dict/5.45AK_45.png | E12: =IFERROR(__xludf.DUMMYFUNCTION("""COMPUTED_VALUE"""),"5.45 AK 45") -> 5.45 AK 45 | F12: =IFERROR(__xludf.DUMMYFUNCTION("""COMPUTED_VALUE"""),2.5) -> 2.5 | G12: =IFERROR(__xludf.DUMMYFUNCTION("""COMPUTED_VALUE"""),"-") -> - | H12: =IFERROR(__xludf.DUMMYFUNCTION("""COMPUTED_VALUE"""),"2,000 Dollars") -> 2,000 Dollars | I12: =IFERROR(__xludf.DUMMYFUNCTION("""COMPUTED_VALUE"""),"Ammo") -> Ammo | J12: =IFERROR(__xludf.DUMMYFUNCTION("""COMPUTED_VALUE"""),"Yes") -> Yes | L12: =IFERROR(__xludf.DUMMYFUNCTION("""COMPUTED_VALUE"""),"sftp://graphic@103.41.58.141/marketing/WarzTH_LE/Item%20Dict/5.45AK_45.png") -> sftp://graphic@103.41.58.141/marketing/WarzTH_LE/Item%20Dict/5.45AK_45.png | N12: =IFERROR(__xludf.DUMMYFUNCTION("""COMPUTED_VALUE"""),"This is a standard 5.45x39mm 45 rounds clip for the russian AK74 family of rifles") -> This is a standard 5.45x39mm 45 rounds clip for the russian AK74 family of rifles
A13: =IFERROR(__xludf.DUMMYFUNCTION("""COMPUTED_VALUE"""),TRUE) -> TRUE | B13: =IFERROR(__xludf.DUMMYFUNCTION("""COMPUTED_VALUE"""),"") | C13: =IFERROR(__xludf.DUMMYFUNCTION("""COMPUTED_VALUE"""),400100.0) -> 400100 | D13: =IFERROR(__xludf.DUMMYFUNCTION("""COMPUTED_VALUE"""),"https://cdn.exe.in.th/marketing/WarzTH_LE/Item%20Dict/5.45AK_drum.png") -> https://cdn.exe.in.th/marketing/WarzTH_LE/Item%20Dict/5.45AK_drum.png | E13: =IFERROR(__xludf.DUMMYFUNCTION("""COMPUTED_VALUE"""),"5.45 AK Drum") -> 5.45 AK Drum | F13: =IFERROR(__xludf.DUMMYFUNCTION("""COMPUTED_VALUE"""),1.5) -> 1.5 | G13: =IFERROR(__xludf.DUMMYFUNCTION("""COMPUTED_VALUE"""),"15 GC") -> 15 GC | H13: =IFERROR(__xludf.DUMMYFUNCTION("""COMPUTED_VALUE"""),"1,500 Dollars") -> 1,500 Dollars | I13: =IFERROR(__xludf.DUMMYFUNCTION("""COMPUTED_VALUE"""),"Ammo") -> Ammo | J13: =IFERROR(__xludf.DUMMYFUNCTION("""COMPUTED_VALUE"""),"Yes") -> Yes | L13: =IFERROR(__xludf.DUMMYFUNCTION("""COMPUTED_VALUE"""),"sftp://graphic@103.41.58.141/marketing/WarzTH_LE/Item%20Dict/5.45AK_drum.png") -> sftp://graphic@103.41.58.141/marketing/WarzTH_LE/Item%20Dict/5.45AK_drum.png | N13: =IFERROR(__xludf.DUMMYFUNCTION("""COMPUTED_VALUE"""),"100 rounds drum for AK74 and RPK machine guns") -> 100 rounds drum for AK74 and RPK machine guns
A14: =IFERROR(__xludf.DUMMYFUNCTION("""COMPUTED_VALUE"""),TRUE) -> TRUE | B14: =IFERROR(__xludf.DUMMYFUNCTION("""COMPUTED_VALUE"""),"") | C14: =IFERROR(__xludf.DUMMYFUNCTION("""COMPUTED_VALUE"""),400087.0) -> 400087 | D14: =IFERROR(__xludf.DUMMYFUNCTION("""COMPUTED_VALUE"""),"https://cdn.exe.in.th/marketing/WarzTH_LE/Item%20Dict/5.7_fn_m240_mag.png") -> https://cdn.exe.in.th/marketing/WarzTH_LE/Item%20Dict/5.7_fn_m240_mag.png | E14: =IFERROR(__xludf.DUMMYFUNCTION("""COMPUTED_VALUE"""),"5.7 FN ammo") -> 5.7 FN ammo | F14: =IFERROR(__xludf.DUMMYFUNCTION("""COMPUTED_VALUE"""),1.5) -> 1.5 | G14: =IFERROR(__xludf.DUMMYFUNCTION("""COMPUTED_VALUE"""),"-") -> - | H14: =IFERROR(__xludf.DUMMYFUNCTION("""COMPUTED_VALUE"""),"1,250 Dollars") -> 1,250 Dollars | I14: =IFERROR(__xludf.DUMMYFUNCTION("""COMPUTED_VALUE"""),"Ammo") -> Ammo | J14: =IFERROR(__xludf.DUMMYFUNCTION("""COMPUTED_VALUE"""),"Yes") -> Yes | L14: =IFERROR(__xludf.DUMMYFUNCTION("""COMPUTED_VALUE"""),"sftp://graphic@103.41.58.141/marketing/WarzTH_LE/Item%20Dict/5.7_fn_m240_mag.png") -> sftp://graphic@103.41.58.141/marketing/WarzTH_LE/Item%20Dict/5.7_fn_m240_mag.png | N14: =IFERROR(__xludf.DUMMYFUNCTION("""COMPUTED_VALUE"""),"FN (M240) machine gun round magazine. 20 rounds of 5.7&times;28mm ammo") -> FN (M240) machine gun round magazine. 20 rounds of 5.7&times;28mm ammo
A15: =IFERROR(__xludf.DUMMYFUNCTION("""COMPUTED_VALUE"""),TRUE) -> TRUE | B15: =IFERROR(__xludf.DUMMYFUNCTION("""COMPUTED_VALUE"""),"") | C15: =IFERROR(__xludf.DUMMYFUNCTION("""COMPUTED_VALUE"""),400101.0) -> 400101 | D15: =IFERROR(__xludf.DUMMYFUNCTION("""COMPUTED_VALUE"""),"https://cdn.exe.in.th/marketing/WarzTH_LE/Item%20Dict/7.62AKM_mag.png") -> https://cdn.exe.in.th/marketing/WarzTH_LE/Item%20Dict/7.62AKM_mag.png | E15: =IFERROR(__xludf.DUMMYFUNCTION("""COMPUTED_VALUE"""),"7.62 AKM Mag") -> 7.62 AKM Mag | F15: =IFERROR(__xludf.DUMMYFUNCTION("""COMPUTED_VALUE"""),1.25) -> 1.25 | G15: =IFERROR(__xludf.DUMMYFUNCTION("""COMPUTED_VALUE"""),"-") -> - | H15: =IFERROR(__xludf.DUMMYFUNCTION("""COMPUTED_VALUE"""),"1,000 Dollars") -> 1,000 Dollars | I15: =IFERROR(__xludf.DUMMYFUNCTION("""COMPUTED_VALUE"""),"Ammo") -> Ammo | J15: =IFERROR(__xludf.DUMMYFUNCTION("""COMPUTED_VALUE"""),"Yes") -> Yes | L15: =IFERROR(__xludf.DUMMYFUNCTION("""COMPUTED_VALUE"""),"sftp://graphic@103.41.58.141/marketing/WarzTH_LE/Item%20Dict/7.62AKM_mag.png") -> sftp://graphic@103.41.58.141/marketing/WarzTH_LE/Item%20Dict/7.62AKM_mag.png | N15: =IFERROR(__xludf.DUMMYFUNCTION("""COMPUTED_VALUE"""),"AKM Assault Rifle magazine. 40 7.62x39mm rounds") -> AKM Assault Rifle magazine. 40 7.62x39mm rounds
A16: =IFERROR(__xludf.DUMMYFUNCTION("""COMPUTED_VALUE"""),TRUE) -> TRUE | B16: =IFERROR(__xludf.DUMMYFUNCTION("""COMPUTED_VALUE"""),"") | C16: =IFERROR(__xludf.DUMMYFUNCTION("""COMPUTED_VALUE"""),400071.0) -> 400071 | D16: =IFERROR(__xludf.DUMMYFUNCTION("""COMPUTED_VALUE"""),"https://cdn.exe.in.th/marketing/WarzTH_LE/Item%20Dict/9mm_mag.png") -> https://cdn.exe.in.th/marketing/WarzTH_LE/Item%20Dict/9mm_mag.png | E16: =IFERROR(__xludf.DUMMYFUNCTION("""COMPUTED_VALUE"""),"9mm Mag") -> 9mm Mag | F16: =IFERROR(__xludf.DUMMYFUNCTION("""COMPUTED_VALUE"""),1.0) -> 1 | G16: =IFERROR(__xludf.DUMMYFUNCTION("""COMPUTED_VALUE"""),"-") -> - | H16: =IFERROR(__xludf.DUMMYFUNCTION("""COMPUTED_VALUE"""),"900 Dollars") -> 900 Dollars | I16: =IFERROR(__xludf.DUMMYFUNCTION("""COMPUTED_VALUE"""),"Ammo") -> Ammo | J16: =IFERROR(__xludf.DUMMYFUNCTION("""COMPUTED_VALUE"""),"Yes") -> Yes | L16: =IFERROR(__xludf.DUMMYFUNCTION("""COMPUTED_VALUE"""),"sftp://graphic@103.41.58.141/marketing/WarzTH_LE/Item%20Dict/9mm_mag.png") -> sftp://graphic@103.41.58.141/marketing/WarzTH_LE/Item%20Dict/9mm_mag.png | N16: =IFERROR(__xludf.DUMMYFUNCTION("""COMPUTED_VALUE"""),"""15 rounds magazine of 9mm ammo for use with: B92, B93R and Jericho handguns""") -> "15 rounds magazine of 9mm ammo for use with: B92, B93R and Jericho handguns"
A17: =IFERROR(__xludf.DUMMYFUNCTION("""COMPUTED_VALUE"""),TRUE) -> TRUE | B17: =IFERROR(__xludf.DUMMYFUNCTION("""COMPUTED_VALUE"""),"") | C17: =IFERROR(__xludf.DUMMYFUNCTION("""COMPUTED_VALUE"""),400034.0) -> 400034 | D17: =IFERROR(__xludf.DUMMYFUNCTION("""COMPUTED_VALUE"""),"https://cdn.exe.in.th/marketing/WarzTH_LE/Item%20Dict/9x19_para_mag.png") -> https://cdn.exe.in.th/marketing/WarzTH_LE/Item%20Dict/9x19_para_mag.png | E17: =IFERROR(__xludf.DUMMYFUNCTION("""COMPUTED_VALUE"""),"9x19 Para Mag") -> 9x19 Para Mag | F17: =IFERROR(__xludf.DUMMYFUNCTION("""COMPUTED_VALUE"""),0.3) -> 0.3 | G17: =IFERROR(__xludf.DUMMYFUNCTION("""COMPUTED_VALUE"""),"-") -> - | H17: =IFERROR(__xludf.DUMMYFUNCTION("""COMPUTED_VALUE"""),"250 Dollars") -> 250 Dollars | I17: =IFERROR(__xludf.DUMMYFUNCTION("""COMPUTED_VALUE"""),"Ammo") -> Ammo | J17: =IFERROR(__xludf.DUMMYFUNCTION("""COMPUTED_VALUE"""),"Yes") -> Yes | L17: =IFERROR(__xludf.DUMMYFUNCTION("""COMPUTED_VALUE"""),"sftp://graphic@103.41.58.141/marketing/WarzTH_LE/Item%20Dict/9x19_para_mag.png") -> sftp://graphic@103.41.58.141/marketing/WarzTH_LE/Item%20Dict/9x19_para_mag.png | N17: =IFERROR(__xludf.DUMMYFUNCTION("""COMPUTED_VALUE"""),"18 rounds 9x19mm Parabellum magazine specially designed for Sig Sauer P226 handgun") -> 18 rounds 9x19mm Parabellum magazine specially designed for Sig Sauer P226 handgun
A18: =IFERROR(__xludf.DUMMYFUNCTION("""COMPUTED_VALUE"""),TRUE) -> TRUE | B18: =IFERROR(__xludf.DUMMYFUNCTION("""COMPUTED_VALUE"""),"") | C18: =IFERROR(__xludf.DUMMYFUNCTION("""COMPUTED_VALUE"""),101200.0) -> 101200 | D18: =IFERROR(__xludf.DUMMYFUNCTION("""COMPUTED_VALUE"""),"https://cdn.exe.in.th/marketing/WarzTH_LE/Item%20Dict/aa_12.png") -> https://cdn.exe.in.th/marketing/WarzTH_LE/Item%20Dict/aa_12.png | E18: =IFERROR(__xludf.DUMMYFUNCTION("""COMPUTED_VALUE"""),"AA-12") -> AA-12 | F18: =IFERROR(__xludf.DUMMYFUNCTION("""COMPUTED_VALUE"""),5.0) -> 5 | G18: =IFERROR(__xludf.DUMMYFUNCTION("""COMPUTED_VALUE"""),"-") -> - | H18: =IFERROR(__xludf.DUMMYFUNCTION("""COMPUTED_VALUE"""),"-") -> - | I18: =IFERROR(__xludf.DUMMYFUNCTION("""COMPUTED_VALUE"""),"Weapon") -> Weapon | J18: =IFERROR(__xludf.DUMMYFUNCTION("""COMPUTED_VALUE"""),"No") -> No | K18: =IFERROR(__xludf.DUMMYFUNCTION("""COMPUTED_VALUE"""),"C") -> C | L18: =IFERROR(__xludf.DUMMYFUNCTION("""COMPUTED_VALUE"""),"sftp://graphic@103.41.58.141/marketing/WarzTH_LE/Item%20Dict/aa_12.png") -> sftp://graphic@103.41.58.141/marketing/WarzTH_LE/Item%20Dict/aa_12.png | N18: =IFERROR(__xludf.DUMMYFUNCTION("""COMPUTED_VALUE"""),"The AA-12 gauge automatic shotgun was designed to fire 12 gauge rounds from a 20 round storage system. It causes a reasonable amount of damage per round.") -> The AA-12 gauge automatic shotgun was designed to fire 12 gauge rounds from a 20 round storage system. It causes a reasonable amount of damage per round.
A19: =IFERROR(__xludf.DUMMYFUNCTION("""COMPUTED_VALUE"""),TRUE) -> TRUE | B19: =IFERROR(__xludf.DUMMYFUNCTION("""COMPUTED_VALUE"""),"") | C19: =IFERROR(__xludf.DUMMYFUNCTION("""COMPUTED_VALUE"""),400050.0) -> 400050 | D19: =IFERROR(__xludf.DUMMYFUNCTION("""COMPUTED_VALUE"""),"https://cdn.exe.in.th/marketing/WarzTH_LE/Item%20Dict/aa_12_drum.png") -> https://cdn.exe.in.th/marketing/WarzTH_LE/Item%20Dict/aa_12_drum.png | E19: =IFERROR(__xludf.DUMMYFUNCTION("""COMPUTED_VALUE"""),"AA-12 Drum") -> AA-12 Drum | F19: =IFERROR(__xludf.DUMMYFUNCTION("""COMPUTED_VALUE"""),1.5) -> 1.5 | G19: =IFERROR(__xludf.DUMMYFUNCTION("""COMPUTED_VALUE"""),"-") -> - | H19: =IFERROR(__xludf.DUMMYFUNCTION("""COMPUTED_VALUE"""),"1,250 Dollars") -> 1,250 Dollars | I19: =IFERROR(__xludf.DUMMYFUNCTION("""COMPUTED_VALUE"""),"Ammo") -> Ammo | J19: =IFERROR(__xludf.DUMMYFUNCTION("""COMPUTED_VALUE"""),"Yes") -> Yes | L19: =IFERROR(__xludf.DUMMYFUNCTION("""COMPUTED_VALUE"""),"sftp://graphic@103.41.58.141/marketing/WarzTH_LE/Item%20Dict/aa_12_drum.png") -> sftp://graphic@103.41.58.141/marketing/WarzTH_LE/Item%20Dict/aa_12_drum.png | N19: =IFERROR(__xludf.DUMMYFUNCTION("""COMPUTED_VALUE"""),"12 gauge 20 rounds drum magazine for AA-12 shotgun") -> 12 gauge 20 rounds drum magazine for AA-12 shotgun
A20: =IFERROR(__xludf.DUMMYFUNCTION("""COMPUTED_VALUE"""),TRUE) -> TRUE | B20: =IFERROR(__xludf.DUMMYFUNCTION("""COMPUTED_VALUE"""),"") | C20: =IFERROR(__xludf.DUMMYFUNCTION("""COMPUTED_VALUE"""),400003.0) -> 400003 | D20: =IFERROR(__xludf.DUMMYFUNCTION("""COMPUTED_VALUE"""),"https://cdn.exe.in.th/marketing/WarzTH_LE/Item%20Dict/acog.png") -> https://cdn.exe.in.th/marketing/WarzTH_LE/Item%20Dict/acog.png | E20: =IFERROR(__xludf.DUMMYFUNCTION("""COMPUTED_VALUE"""),"ACOG") -> ACOG | F20: =IFERROR(__xludf.DUMMYFUNCTION("""COMPUTED_VALUE"""),2.0) -> 2 | G20: =IFERROR(__xludf.DUMMYFUNCTION("""COMPUTED_VALUE"""),"20 GC") -> 20 GC | H20: =IFERROR(__xludf.DUMMYFUNCTION("""COMPUTED_VALUE"""),"2,000 Dollars") -> 2,000 Dollars | I20: =IFERROR(__xludf.DUMMYFUNCTION("""COMPUTED_VALUE"""),"Attachment") -> Attachment | J20: =IFERROR(__xludf.DUMMYFUNCTION("""COMPUTED_VALUE"""),"No") -> No | L20: =IFERROR(__xludf.DUMMYFUNCTION("""COMPUTED_VALUE"""),"sftp://graphic@103.41.58.141/marketing/WarzTH_LE/Item%20Dict/acog.png") -> sftp://graphic@103.41.58.141/marketing/WarzTH_LE/Item%20Dict/acog.png | N20: =IFERROR(__xludf.DUMMYFUNCTION("""COMPUTED_VALUE"""),"The Acog is a rail mounted telescopic sight used to extend a shooters accuracy on medium to long range shots.") -> The Acog is a rail mounted telescopic sight used to extend a shooters accuracy on medium to long range shots.
A21: =IFERROR(__xludf.DUMMYFUNCTION("""COMPUTED_VALUE"""),TRUE) -> TRUE | B21: =IFERROR(__xludf.DUMMYFUNCTION("""COMPUTED_VALUE"""),"") | C21: =IFERROR(__xludf.DUMMYFUNCTION("""COMPUTED_VALUE"""),101323.0) -> 101323 | D21: =IFERROR(__xludf.DUMMYFUNCTION("""COMPUTED_VALUE"""),"https://cdn.exe.in.th/marketing/WarzTH_LE/Item%20Dict/air_horn.png") -> https://cdn.exe.in.th/marketing/WarzTH_LE/Item%20Dict/air_horn.png | E21: =IFERROR(__xludf.DUMMYFUNCTION("""COMPUTED_VALUE"""),"Air horn") -> Air horn | F21: =IFERROR(__xludf.DUMMYFUNCTION("""COMPUTED_VALUE"""),3.0) -> 3 | G21: =IFERROR(__xludf.DUMMYFUNCTION("""COMPUTED_VALUE"""),"-") -> - | H21: =IFERROR(__xludf.DUMMYFUNCTION("""COMPUTED_VALUE"""),"-") -> - | I21: =IFERROR(__xludf.DUMMYFUNCTION("""COMPUTED_VALUE"""),"Consumable") -> Consumable | J21: =IFERROR(__xludf.DUMMYFUNCTION("""COMPUTED_VALUE"""),"Yes") -> Yes | L21: =IFERROR(__xludf.DUMMYFUNCTION("""COMPUTED_VALUE"""),"sftp://graphic@103.41.58.141/marketing/WarzTH_LE/Item%20Dict/air_horn.png") -> sftp://graphic@103.41.58.141/marketing/WarzTH_LE/Item%20Dict/air_horn.png | N21: =IFERROR(__xludf.DUMMYFUNCTION("""COMPUTED_VALUE"""),"Do your friends keep getting attacked? Be the hero and blow your air horn to make the infected come after you instead.") -> Do your friends keep getting attacked? Be the hero and blow your air horn to make the infected come after you instead.
A22: =IFERROR(__xludf.DUMMYFUNCTION("""COMPUTED_VALUE"""),TRUE) -> TRUE | B22: =IFERROR(__xludf.DUMMYFUNCTION("""COMPUTED_VALUE"""),"") | C22: =IFERROR(__xludf.DUMMYFUNCTION("""COMPUTED_VALUE"""),101022.0) -> 101022 | D22: =IFERROR(__xludf.DUMMYFUNCTION("""COMPUTED_VALUE"""),"https://cdn.exe.in.th/marketing/WarzTH_LE/Item%20Dict/ak_74m.png") -> https://cdn.exe.in.th/marketing/WarzTH_LE/Item%20Dict/ak_74m.png | E22: =IFERROR(__xludf.DUMMYFUNCTION("""COMPUTED_VALUE"""),"AK-74M") -> AK-74M | F22: =IFERROR(__xludf.DUMMYFUNCTION("""COMPUTED_VALUE"""),4.0) -> 4 | G22: =IFERROR(__xludf.DUMMYFUNCTION("""COMPUTED_VALUE"""),"-") -> - | H22: =IFERROR(__xludf.DUMMYFUNCTION("""COMPUTED_VALUE"""),"-") -> - | I22: =IFERROR(__xludf.DUMMYFUNCTION("""COMPUTED_VALUE"""),"Weapon") -> Weapon | J22: =IFERROR(__xludf.DUMMYFUNCTION("""COMPUTED_VALUE"""),"No") -> No | K22: =IFERROR(__xludf.DUMMYFUNCTION("""COMPUTED_VALUE"""),"B") -> B | L22: =IFERROR(__xludf.DUMMYFUNCTION("""COMPUTED_VALUE"""),"sftp://graphic@103.41.58.141/marketing/WarzTH_LE/Item%20Dict/ak_74m.png") -> sftp://graphic@103.41.58.141/marketing/WarzTH_LE/Item%20Dict/ak_74m.png | N22: =IFERROR(__xludf.DUMMYFUNCTION("""COMPUTED_VALUE"""),"The AK-74M assault rifle is an upgrade of the AK 74 design with a slightly increased rate of fire. It fires a 5.45 x 39 mm round accurately at medium ranges.") -> The AK-74M assault rifle is an upgrade of the AK 74 design with a slightly increased rate of fire. It fires a 5.45 x 39 mm round accurately at medium ranges.
A23: =IFERROR(__xludf.DUMMYFUNCTION("""COMPUTED_VALUE"""),TRUE) -> TRUE | B23: =IFERROR(__xludf.DUMMYFUNCTION("""COMPUTED_VALUE"""),"") | C23: =IFERROR(__xludf.DUMMYFUNCTION("""COMPUTED_VALUE"""),101032.0) -> 101032 | D23: =IFERROR(__xludf.DUMMYFUNCTION("""COMPUTED_VALUE"""),"https://cdn.exe.in.th/marketing/WarzTH_LE/Item%20Dict/akm.png") -> https://cdn.exe.in.th/marketing/WarzTH_LE/Item%20Dict/akm.png | E23: =IFERROR(__xludf.DUMMYFUNCTION("""COMPUTED_VALUE"""),"AKM") -> AKM | F23: =IFERROR(__xludf.DUMMYFUNCTION("""COMPUTED_VALUE"""),2.0) -> 2 | G23: =IFERROR(__xludf.DUMMYFUNCTION("""COMPUTED_VALUE"""),"-") -> - | H23: =IFERROR(__xludf.DUMMYFUNCTION("""COMPUTED_VALUE"""),"-") -> - | I23: =IFERROR(__xludf.DUMMYFUNCTION("""COMPUTED_VALUE"""),"Weapon") -> Weapon | J23: =IFERROR(__xludf.DUMMYFUNCTION("""COMPUTED_VALUE"""),"No") -> No | K23: =IFERROR(__xludf.DUMMYFUNCTION("""COMPUTED_VALUE"""),"B") -> B | L23: =IFERROR(__xludf.DUMMYFUNCTION("""COMPUTED_VALUE"""),"sftp://graphic@103.41.58.141/marketing/WarzTH_LE/Item%20Dict/akm.png") -> sftp://graphic@103.41.58.141/marketing/WarzTH_LE/Item%20Dict/akm.png | N23: =IFERROR(__xludf.DUMMYFUNCTION("""COMPUTED_VALUE"""),"The AKM is an assault rifle that was designed as a simplified version of the AK-47 rifle. It fires a 7.62 x 39 mm round and is relatively effective at medium ranges.") -> The AKM is an assault rifle that was designed as a simplified version of the AK-47 rifle. It fires a 7.62 x 39 mm round and is relatively effective at medium ranges.
A24: =IFERROR(__xludf.DUMMYFUNCTION("""COMPUTED_VALUE"""),TRUE) -> TRUE | B24: =IFERROR(__xludf.DUMMYFUNCTION("""COMPUTED_VALUE"""),"") | C24: =IFERROR(__xludf.DUMMYFUNCTION("""COMPUTED_VALUE"""),101035.0) -> 101035 | D24: =IFERROR(__xludf.DUMMYFUNCTION("""COMPUTED_VALUE"""),"https://cdn.exe.in.th/marketing/WarzTH_LE/Item%20Dict/aks_74u.png") -> https://cdn.exe.in.th/marketing/WarzTH_LE/Item%20Dict/aks_74u.png | E24: =IFERROR(__xludf.DUMMYFUNCTION("""COMPUTED_VALUE"""),"AKS-74U") -> AKS-74U | F24: =IFERROR(__xludf.DUMMYFUNCTION("""COMPUTED_VALUE"""),2.0) -> 2 | G24: =IFERROR(__xludf.DUMMYFUNCTION("""COMPUTED_VALUE"""),"-") -> - | H24: =IFERROR(__xludf.DUMMYFUNCTION("""COMPUTED_VALUE"""),"-") -> - | I24: =IFERROR(__xludf.DUMMYFUNCTION("""COMPUTED_VALUE"""),"Weapon") -> Weapon | J24: =IFERROR(__xludf.DUMMYFUNCTION("""COMPUTED_VALUE"""),"No") -> No | K24: =IFERROR(__xludf.DUMMYFUNCTION("""COMPUTED_VALUE"""),"B") -> B | L24: =IFERROR(__xludf.DUMMYFUNCTION("""COMPUTED_VALUE"""),"sftp://graphic@103.41.58.141/marketing/WarzTH_LE/Item%20Dict/aks_74u.png") -> sftp://graphic@103.41.58.141/marketing/WarzTH_LE/Item%20Dict/aks_74u.png | N24: =IFERROR(__xludf.DUMMYFUNCTION("""COMPUTED_VALUE"""),"The AKS-74U is a shortened gas operated carbine version of the AKS-74 assault rifle. It fires a 5.45 x 39 mm round and is very effective at medium ranges.") -> The AKS-74U is a shortened gas operated carbine version of the AKS-74 assault rifle. It fires a 5.45 x 39 mm round and is very effective at medium ranges.
A25: =IFERROR(__xludf.DUMMYFUNCTION("""COMPUTED_VALUE"""),TRUE) -> TRUE | B25: =IFERROR(__xludf.DUMMYFUNCTION("""COMPUTED_VALUE"""),"") | C25: =IFERROR(__xludf.DUMMYFUNCTION("""COMPUTED_VALUE"""),20185.0) -> 20185 | D25: =IFERROR(__xludf.DUMMYFUNCTION("""COMPUTED_VALUE"""),"https://cdn.exe.in.th/marketing/WarzTH_LE/Item%20Dict/alice_rucksack.png") -> https://cdn.exe.in.th/marketing/WarzTH_LE/Item%20Dict/alice_rucksack.png | E25: =IFERROR(__xludf.DUMMYFUNCTION("""COMPUTED_VALUE"""),"ALICE Rucksack") -> ALICE Rucksack | F25: =IFERROR(__xludf.DUMMYFUNCTION("""COMPUTED_VALUE"""),2.5) -> 2.5 | G25: =IFERROR(__xludf.DUMMYFUNCTION("""COMPUTED_VALUE"""),"25 GC") -> 25 GC | H25: =IFERROR(__xludf.DUMMYFUNCTION("""COMPUTED_VALUE"""),"3,000 Dollars") -> 3,000 Dollars | I25: =IFERROR(__xludf.DUMMYFUNCTION("""COMPUTED_VALUE"""),"Equipment") -> Equipment | J25: =IFERROR(__xludf.DUMMYFUNCTION("""COMPUTED_VALUE"""),"No") -> No | L25: =IFERROR(__xludf.DUMMYFUNCTION("""COMPUTED_VALUE"""),"sftp://graphic@103.41.58.141/marketing/WarzTH_LE/Item%20Dict/alice_rucksack.png") -> sftp://graphic@103.41.58.141/marketing/WarzTH_LE/Item%20Dict/alice_rucksack.png | N25: =IFERROR(__xludf.DUMMYFUNCTION("""COMPUTED_VALUE"""),"Large backpack that fits everything you will need. The All-purpose Lightweight Individual Carrying Equipment. Dont forget the poo tickets!") -> Large backpack that fits everything you will need. The All-purpose Lightweight Individual Carrying Equipment. Dont forget the poo tickets!
A26: =IFERROR(__xludf.DUMMYFUNCTION("""COMPUTED_VALUE"""),TRUE) -> TRUE | B26: =IFERROR(__xludf.DUMMYFUNCTION("""COMPUTED_VALUE"""),"") | C26: =IFERROR(__xludf.DUMMYFUNCTION("""COMPUTED_VALUE"""),400145.0) -> 400145 | D26: =IFERROR(__xludf.DUMMYFUNCTION("""COMPUTED_VALUE"""),"https://cdn.exe.in.th/marketing/WarzTH_LE/Item%20Dict/anaconda_mag.png") -> https://cdn.exe.in.th/marketing/WarzTH_LE/Item%20Dict/anaconda_mag.png | E26: =IFERROR(__xludf.DUMMYFUNCTION("""COMPUTED_VALUE"""),"Anaconda rounds") -> Anaconda rounds | F26: =IFERROR(__xludf.DUMMYFUNCTION("""COMPUTED_VALUE"""),0.6) -> 0.6 | G26: =IFERROR(__xludf.DUMMYFUNCTION("""COMPUTED_VALUE"""),"6 GC") -> 6 GC | H26: =IFERROR(__xludf.DUMMYFUNCTION("""COMPUTED_VALUE"""),"500 Dollars") -> 500 Dollars | I26: =IFERROR(__xludf.DUMMYFUNCTION("""COMPUTED_VALUE"""),"Ammo") -> Ammo | J26: =IFERROR(__xludf.DUMMYFUNCTION("""COMPUTED_VALUE"""),"Yes") -> Yes | L26: =IFERROR(__xludf.DUMMYFUNCTION("""COMPUTED_VALUE"""),"sftp://graphic@103.41.58.141/marketing/WarzTH_LE/Item%20Dict/anaconda_mag.png") -> sftp://graphic@103.41.58.141/marketing/WarzTH_LE/Item%20Dict/anaconda_mag.png | N26: =IFERROR(__xludf.DUMMYFUNCTION("""COMPUTED_VALUE"""),"6 rounds for the Anaconda") -> 6 rounds for the Anaconda
A27: =IFERROR(__xludf.DUMMYFUNCTION("""COMPUTED_VALUE"""),TRUE) -> TRUE | B27: =IFERROR(__xludf.DUMMYFUNCTION("""COMPUTED_VALUE"""),"") | C27: =IFERROR(__xludf.DUMMYFUNCTION("""COMPUTED_VALUE"""),101256.0) -> 101256 | D27: =IFERROR(__xludf.DUMMYFUNCTION("""COMPUTED_VALUE"""),"https://cdn.exe.in.th/marketing/WarzTH_LE/Item%20Dict/anitibiotics.png") -> https://cdn.exe.in.th/marketing/WarzTH_LE/Item%20Dict/anitibiotics.png | E27: =IFERROR(__xludf.DUMMYFUNCTION("""COMPUTED_VALUE"""),"Antibiotics") -> Antibiotics | F27: =IFERROR(__xludf.DUMMYFUNCTION("""COMPUTED_VALUE"""),0.5) -> 0.5 | G27: =IFERROR(__xludf.DUMMYFUNCTION("""COMPUTED_VALUE"""),"5 GC") -> 5 GC | H27: =IFERROR(__xludf.DUMMYFUNCTION("""COMPUTED_VALUE"""),"500 Dollars") -> 500 Dollars | I27: =IFERROR(__xludf.DUMMYFUNCTION("""COMPUTED_VALUE"""),"Consumable") -> Consumable | J27: =IFERROR(__xludf.DUMMYFUNCTION("""COMPUTED_VALUE"""),"Yes") -> Yes | L27: =IFERROR(__xludf.DUMMYFUNCTION("""COMPUTED_VALUE"""),"sftp://graphic@103.41.58.141/marketing/WarzTH_LE/Item%20Dict/anitibiotics.png") -> sftp://graphic@103.41.58.141/marketing/WarzTH_LE/Item%20Dict/anitibiotics.png | N27: =IFERROR(__xludf.DUMMYFUNCTION("""COMPUTED_VALUE"""),"Over the counter antibiotics that aid in curing colds and other minor ailments.") -> Over the counter antibiotics that aid in curing colds and other minor ailments.
A28: =IFERROR(__xludf.DUMMYFUNCTION("""COMPUTED_VALUE"""),TRUE) -> TRUE | B28: =IFERROR(__xludf.DUMMYFUNCTION("""COMPUTED_VALUE"""),"") | C28: =IFERROR(__xludf.DUMMYFUNCTION("""COMPUTED_VALUE"""),400140.0) -> 400140 | D28: =IFERROR(__xludf.DUMMYFUNCTION("""COMPUTED_VALUE"""),"https://cdn.exe.in.th/marketing/WarzTH_LE/Item%20Dict/arrow_explo.png") -> https://cdn.exe.in.th/marketing/WarzTH_LE/Item%20Dict/arrow_explo.png | E28: =IFERROR(__xludf.DUMMYFUNCTION("""COMPUTED_VALUE"""),"Arrow") -> Arrow | F28: =IFERROR(__xludf.DUMMYFUNCTION("""COMPUTED_VALUE"""),0.2) -> 0.2 | G28: =IFERROR(__xludf.DUMMYFUNCTION("""COMPUTED_VALUE"""),"2 GC") -> 2 GC | H28: =IFERROR(__xludf.DUMMYFUNCTION("""COMPUTED_VALUE"""),"200 Dollars") -> 200 Dollars | I28: =IFERROR(__xludf.DUMMYFUNCTION("""COMPUTED_VALUE"""),"Ammo") -> Ammo | J28: =IFERROR(__xludf.DUMMYFUNCTION("""COMPUTED_VALUE"""),"Yes") -> Yes | L28: =IFERROR(__xludf.DUMMYFUNCTION("""COMPUTED_VALUE"""),"sftp://graphic@103.41.58.141/marketing/WarzTH_LE/Item%20Dict/arrow_explo.png") -> sftp://graphic@103.41.58.141/marketing/WarzTH_LE/Item%20Dict/arrow_explo.png | N28: =IFERROR(__xludf.DUMMYFUNCTION("""COMPUTED_VALUE"""),"Explosive bolt (arrow) for the crossbow") -> Explosive bolt (arrow) for the crossbow
A29: =IFERROR(__xludf.DUMMYFUNCTION("""COMPUTED_VALUE"""),TRUE) -> TRUE | B29: =IFERROR(__xludf.DUMMYFUNCTION("""COMPUTED_VALUE"""),"") | C29: =IFERROR(__xludf.DUMMYFUNCTION("""COMPUTED_VALUE"""),20201.0) -> 20201 | D29: =IFERROR(__xludf.DUMMYFUNCTION("""COMPUTED_VALUE"""),"https://cdn.exe.in.th/marketing/WarzTH_LE/Item%20Dict/asian_male.png") -> https://cdn.exe.in.th/marketing/WarzTH_LE/Item%20Dict/asian_male.png | E29: =IFERROR(__xludf.DUMMYFUNCTION("""COMPUTED_VALUE"""),"Asian Male") -> Asian Male | F29: =IFERROR(__xludf.DUMMYFUNCTION("""COMPUTED_VALUE"""),"-") -> - | G29: =IFERROR(__xludf.DUMMYFUNCTION("""COMPUTED_VALUE"""),"-") -> - | H29: =IFERROR(__xludf.DUMMYFUNCTION("""COMPUTED_VALUE"""),"-") -> - | I29: =IFERROR(__xludf.DUMMYFUNCTION("""COMPUTED_VALUE"""),"Character") -> Character | J29: =IFERROR(__xludf.DUMMYFUNCTION("""COMPUTED_VALUE"""),"No") -> No | L29: =IFERROR(__xludf.DUMMYFUNCTION("""COMPUTED_VALUE"""),"sftp://graphic@103.41.58.141/marketing/WarzTH_LE/Item%20Dict/asian_male.png") -> sftp://graphic@103.41.58.141/marketing/WarzTH_LE/Item%20Dict/asian_male.png | N29: =IFERROR(__xludf.DUMMYFUNCTION("""COMPUTED_VALUE"""),"-") -> -
A30: =IFERROR(__xludf.DUMMYFUNCTION("""COMPUTED_VALUE"""),TRUE) -> TRUE | B30: =IFERROR(__xludf.DUMMYFUNCTION("""COMPUTED_VALUE"""),"") | C30: =IFERROR(__xludf.DUMMYFUNCTION("""COMPUTED_VALUE"""),20193.0) -> 20193 | D30: =IFERROR(__xludf.DUMMYFUNCTION("""COMPUTED_VALUE"""),"https://cdn.exe.in.th/marketing/WarzTH_LE/Item%20Dict/average_joe.png") -> https://cdn.exe.in.th/marketing/WarzTH_LE/Item%20Dict/average_joe.png | E30: =IFERROR(__xludf.DUMMYFUNCTION("""COMPUTED_VALUE"""),"Average Joe") -> Average Joe | F30: =IFERROR(__xludf.DUMMYFUNCTION("""COMPUTED_VALUE"""),90.0) -> 90 | G30: =IFERROR(__xludf.DUMMYFUNCTION("""COMPUTED_VALUE"""),"900 GC") -> 900 GC | H30: =IFERROR(__xludf.DUMMYFUNCTION("""COMPUTED_VALUE"""),"72,000 Dollars") -> 72,000 Dollars | I30: =IFERROR(__xludf.DUMMYFUNCTION("""COMPUTED_VALUE"""),"Character") -> Character | J30: =IFERROR(__xludf.DUMMYFUNCTION("""COMPUTED_VALUE"""),"No") -> No | L30: =IFERROR(__xludf.DUMMYFUNCTION("""COMPUTED_VALUE"""),"sftp://graphic@103.41.58.141/marketing/WarzTH_LE/Item%20Dict/average_joe.png") -> sftp://graphic@103.41.58.141/marketing/WarzTH_LE/Item%20Dict/average_joe.png | N30: =IFERROR(__xludf.DUMMYFUNCTION("""COMPUTED_VALUE"""),"-") -> -
A31: =IFERROR(__xludf.DUMMYFUNCTION("""COMPUTED_VALUE"""),TRUE) -> TRUE | B31: =IFERROR(__xludf.DUMMYFUNCTION("""COMPUTED_VALUE"""),"") | C31: =IFERROR(__xludf.DUMMYFUNCTION("""COMPUTED_VALUE"""),400043.0) -> 400043 | D31: =IFERROR(__xludf.DUMMYFUNCTION("""COMPUTED_VALUE"""),"https://cdn.exe.in.th/marketing/WarzTH_LE/Item%20Dict/.338_ammo.png") -> https://cdn.exe.in.th/marketing/WarzTH_LE/Item%20Dict/.338_ammo.png | E31: =IFERROR(__xludf.DUMMYFUNCTION("""COMPUTED_VALUE"""),"AWM .338 Magnum ammo") -> AWM .338 Magnum ammo | F31: =IFERROR(__xludf.DUMMYFUNCTION("""COMPUTED_VALUE"""),"-") -> - | G31: =IFERROR(__xludf.DUMMYFUNCTION("""COMPUTED_VALUE"""),"-") -> - | H31: =IFERROR(__xludf.DUMMYFUNCTION("""COMPUTED_VALUE"""),"-") -> - | I31: =IFERROR(__xludf.DUMMYFUNCTION("""COMPUTED_VALUE"""),"Ammo") -> Ammo | J31: =IFERROR(__xludf.DUMMYFUNCTION("""COMPUTED_VALUE"""),"Yes") -> Yes | L31: =IFERROR(__xludf.DUMMYFUNCTION("""COMPUTED_VALUE"""),"sftp://graphic@103.41.58.141/marketing/WarzTH_LE/Item%20Dict/.338_ammo.png") -> sftp://graphic@103.41.58.141/marketing/WarzTH_LE/Item%20Dict/.338_ammo.png | N31: =IFERROR(__xludf.DUMMYFUNCTION("""COMPUTED_VALUE"""),"8.6x70mm specialized rimless bottlenecked centerfire 10 rounds cartridge. Specifically designed for AWM rifle") -> 8.6x70mm specialized rimless bottlenecked centerfire 10 rounds cartridge. Specifically designed for AWM rifle
A32: =IFERROR(__xludf.DUMMYFUNCTION("""COMPUTED_VALUE"""),TRUE) -> TRUE | B32: =IFERROR(__xludf.DUMMYFUNCTION("""COMPUTED_VALUE"""),"") | C32: =IFERROR(__xludf.DUMMYFUNCTION("""COMPUTED_VALUE"""),101087.0) -> 101087 | D32: =IFERROR(__xludf.DUMMYFUNCTION("""COMPUTED_VALUE"""),"https://cdn.exe.in.th/marketing/WarzTH_LE/Item%20Dict/aw_magnum.png") -> https://cdn.exe.in.th/marketing/WarzTH_LE/Item%20Dict/aw_magnum.png | E32: =IFERROR(__xludf.DUMMYFUNCTION("""COMPUTED_VALUE"""),"AW Magnum") -> AW Magnum | F32: =IFERROR(__xludf.DUMMYFUNCTION("""COMPUTED_VALUE"""),12000.0) -> 12000 | G32: =IFERROR(__xludf.DUMMYFUNCTION("""COMPUTED_VALUE"""),"-") -> - | H32: =IFERROR(__xludf.DUMMYFUNCTION("""COMPUTED_VALUE"""),"-") -> - | I32: =IFERROR(__xludf.DUMMYFUNCTION("""COMPUTED_VALUE"""),"Weapon") -> Weapon | J32: =IFERROR(__xludf.DUMMYFUNCTION("""COMPUTED_VALUE"""),"No") -> No | K32: =IFERROR(__xludf.DUMMYFUNCTION("""COMPUTED_VALUE"""),"SR") -> SR | L32: =IFERROR(__xludf.DUMMYFUNCTION("""COMPUTED_VALUE"""),"sftp://graphic@103.41.58.141/marketing/WarzTH_LE/Item%20Dict/aw_magnum.png") -> sftp://graphic@103.41.58.141/marketing/WarzTH_LE/Item%20Dict/aw_magnum.png | N32: =IFERROR(__xludf.DUMMYFUNCTION("""COMPUTED_VALUE"""),"The AWM sniper rifle fires a custom .338W magnum round with devastating accuracy and effect. Each of its rounds deal a very high amount of damage.") -> The AWM sniper rifle fires a custom .338W magnum round with devastating accuracy and effect. Each of its rounds deal a very high amount of damage.
A33: =IFERROR(__xludf.DUMMYFUNCTION("""COMPUTED_VALUE"""),TRUE) -> TRUE | B33: =IFERROR(__xludf.DUMMYFUNCTION("""COMPUTED_VALUE"""),"") | C33: =IFERROR(__xludf.DUMMYFUNCTION("""COMPUTED_VALUE"""),101111.0) -> 101111 | D33: =IFERROR(__xludf.DUMMYFUNCTION("""COMPUTED_VALUE"""),"https://cdn.exe.in.th/marketing/WarzTH_LE/Item%20Dict/b92.png") -> https://cdn.exe.in.th/marketing/WarzTH_LE/Item%20Dict/b92.png | E33: =IFERROR(__xludf.DUMMYFUNCTION("""COMPUTED_VALUE"""),"B92") -> B92 | F33: =IFERROR(__xludf.DUMMYFUNCTION("""COMPUTED_VALUE"""),0.5) -> 0.5 | G33: =IFERROR(__xludf.DUMMYFUNCTION("""COMPUTED_VALUE"""),"-") -> - | H33: =IFERROR(__xludf.DUMMYFUNCTION("""COMPUTED_VALUE"""),"-") -> - | I33: =IFERROR(__xludf.DUMMYFUNCTION("""COMPUTED_VALUE"""),"Weapon") -> Weapon | J33: =IFERROR(__xludf.DUMMYFUNCTION("""COMPUTED_VALUE"""),"No") -> No | K33: =IFERROR(__xludf.DUMMYFUNCTION("""COMPUTED_VALUE"""),"C") -> C | L33: =IFERROR(__xludf.DUMMYFUNCTION("""COMPUTED_VALUE"""),"sftp://graphic@103.41.58.141/marketing/WarzTH_LE/Item%20Dict/b92.png") -> sftp://graphic@103.41.58.141/marketing/WarzTH_LE/Item%20Dict/b92.png | N33: =IFERROR(__xludf.DUMMYFUNCTION("""COMPUTED_VALUE"""),"The B92 handgun was specially designed to fire a 9mm round and is reasonably effective agains close range targets.") -> The B92 handgun was specially designed to fire a 9mm round and is reasonably effective agains close range targets.
A34: =IFERROR(__xludf.DUMMYFUNCTION("""COMPUTED_VALUE"""),TRUE) -> TRUE | B34: =IFERROR(__xludf.DUMMYFUNCTION("""COMPUTED_VALUE"""),"") | C34: =IFERROR(__xludf.DUMMYFUNCTION("""COMPUTED_VALUE"""),101112.0) -> 101112 | D34: =IFERROR(__xludf.DUMMYFUNCTION("""COMPUTED_VALUE"""),"https://cdn.exe.in.th/marketing/WarzTH_LE/Item%20Dict/b93r.png") -> https://cdn.exe.in.th/marketing/WarzTH_LE/Item%20Dict/b93r.png | E34: =IFERROR(__xludf.DUMMYFUNCTION("""COMPUTED_VALUE"""),"B93R") -> B93R | F34: =IFERROR(__xludf.DUMMYFUNCTION("""COMPUTED_VALUE"""),0.5) -> 0.5 | G34: =IFERROR(__xludf.DUMMYFUNCTION("""COMPUTED_VALUE"""),"-") -> - | H34: =IFERROR(__xludf.DUMMYFUNCTION("""COMPUTED_VALUE"""),"-") -> - | I34: =IFERROR(__xludf.DUMMYFUNCTION("""COMPUTED_VALUE"""),"Weapon") -> Weapon | J34: =IFERROR(__xludf.DUMMYFUNCTION("""COMPUTED_VALUE"""),"No") -> No | K34: =IFERROR(__xludf.DUMMYFUNCTION("""COMPUTED_VALUE"""),"C") -> C | L34: =IFERROR(__xludf.DUMMYFUNCTION("""COMPUTED_VALUE"""),"sftp://graphic@103.41.58.141/marketing/WarzTH_LE/Item%20Dict/b93r.png") -> sftp://graphic@103.41.58.141/marketing/WarzTH_LE/Item%20Dict/b93r.png | N34: =IFERROR(__xludf.DUMMYFUNCTION("""COMPUTED_VALUE"""),"The B93R handgun was designed to fire a 9mm parabellum round from a 20 round clip. It is a relatively effective weapon against close ranged targets.") -> The B93R handgun was designed to fire a 9mm parabellum round from a 20 round clip. It is a relatively effective weapon against close ranged targets.
A35: =IFERROR(__xludf.DUMMYFUNCTION("""COMPUTED_VALUE"""),TRUE) -> TRUE | B35: =IFERROR(__xludf.DUMMYFUNCTION("""COMPUTED_VALUE"""),"") | C35: =IFERROR(__xludf.DUMMYFUNCTION("""COMPUTED_VALUE"""),101284.0) -> 101284 | D35: =IFERROR(__xludf.DUMMYFUNCTION("""COMPUTED_VALUE"""),"https://cdn.exe.in.th/marketing/WarzTH_LE/Item%20Dict/mre.png") -> https://cdn.exe.in.th/marketing/WarzTH_LE/Item%20Dict/mre.png | E35: =IFERROR(__xludf.DUMMYFUNCTION("""COMPUTED_VALUE"""),"Bag MRE") -> Bag MRE | F35: =IFERROR(__xludf.DUMMYFUNCTION("""COMPUTED_VALUE"""),1.0) -> 1 | G35: =IFERROR(__xludf.DUMMYFUNCTION("""COMPUTED_VALUE"""),"10 GC") -> 10 GC | H35: =IFERROR(__xludf.DUMMYFUNCTION("""COMPUTED_VALUE"""),"1,000 Dollars") -> 1,000 Dollars | I35: =IFERROR(__xludf.DUMMYFUNCTION("""COMPUTED_VALUE"""),"Consumable") -> Consumable | J35: =IFERROR(__xludf.DUMMYFUNCTION("""COMPUTED_VALUE"""),"Yes") -> Yes | L35: =IFERROR(__xludf.DUMMYFUNCTION("""COMPUTED_VALUE"""),"sftp://graphic@103.41.58.141/marketing/WarzTH_LE/Item%20Dict/mre.png") -> sftp://graphic@103.41.58.141/marketing/WarzTH_LE/Item%20Dict/mre.png | N35: =IFERROR(__xludf.DUMMYFUNCTION("""COMPUTED_VALUE"""),"Meals Ready-to-Eat. Extremely convenient! An MRE can be eaten cold, right out of the pouch but they always taste better hot. Each serving size substantially relieves hunger and thirst") -> Meals Ready-to-Eat. Extremely convenient! An MRE can be eaten cold, right out of the pouch but they always taste better hot. Each serving size substantially relieves hunger and thirst
A36: =IFERROR(__xludf.DUMMYFUNCTION("""COMPUTED_VALUE"""),TRUE) -> TRUE | B36: =IFERROR(__xludf.DUMMYFUNCTION("""COMPUTED_VALUE"""),"") | C36: =IFERROR(__xludf.DUMMYFUNCTION("""COMPUTED_VALUE"""),101283.0) -> 101283 | D36: =IFERROR(__xludf.DUMMYFUNCTION("""COMPUTED_VALUE"""),"https://cdn.exe.in.th/marketing/WarzTH_LE/Item%20Dict/bag_of_chips.png") -> https://cdn.exe.in.th/marketing/WarzTH_LE/Item%20Dict/bag_of_chips.png | E36: =IFERROR(__xludf.DUMMYFUNCTION("""COMPUTED_VALUE"""),"Bag of Chips") -> Bag of Chips | F36: =IFERROR(__xludf.DUMMYFUNCTION("""COMPUTED_VALUE"""),"-") -> - | G36: =IFERROR(__xludf.DUMMYFUNCTION("""COMPUTED_VALUE"""),"-") -> - | H36: =IFERROR(__xludf.DUMMYFUNCTION("""COMPUTED_VALUE"""),"-") -> - | I36: =IFERROR(__xludf.DUMMYFUNCTION("""COMPUTED_VALUE"""),"Consumable") -> Consumable | J36: =IFERROR(__xludf.DUMMYFUNCTION("""COMPUTED_VALUE"""),"Yes") -> Yes | L36: =IFERROR(__xludf.DUMMYFUNCTION("""COMPUTED_VALUE"""),"sftp://graphic@103.41.58.141/marketing/WarzTH_LE/Item%20Dict/bag_of_chips.png") -> sftp://graphic@103.41.58.141/marketing/WarzTH_LE/Item%20Dict/bag_of_chips.png | N36: =IFERROR(__xludf.DUMMYFUNCTION("""COMPUTED_VALUE"""),"A bag of potato chips. Relieves minor hunger. BBQ Flavor!") -> A bag of potato chips. Relieves minor hunger. BBQ Flavor!
A37: =IFERROR(__xludf.DUMMYFUNCTION("""COMPUTED_VALUE"""),TRUE) -> TRUE | B37: =IFERROR(__xludf.DUMMYFUNCTION("""COMPUTED_VALUE"""),"") | C37: =IFERROR(__xludf.DUMMYFUNCTION("""COMPUTED_VALUE"""),101510.0) -> 101510 | D37: =IFERROR(__xludf.DUMMYFUNCTION("""COMPUTED_VALUE"""),"https://cdn.exe.in.th/marketing/WarzTH_LE/Item%20Dict/bait_lv1.png") -> https://cdn.exe.in.th/marketing/WarzTH_LE/Item%20Dict/bait_lv1.png | E37: =IFERROR(__xludf.DUMMYFUNCTION("""COMPUTED_VALUE"""),"Bait") -> Bait | F37: =IFERROR(__xludf.DUMMYFUNCTION("""COMPUTED_VALUE"""),1.0) -> 1 | G37: =IFERROR(__xludf.DUMMYFUNCTION("""COMPUTED_VALUE"""),"-") -> - | H37: =IFERROR(__xludf.DUMMYFUNCTION("""COMPUTED_VALUE"""),"100 Dollars") -> 100 Dollars | I37: =IFERROR(__xludf.DUMMYFUNCTION("""COMPUTED_VALUE"""),"Consumable") -> Consumable | J37: =IFERROR(__xludf.DUMMYFUNCTION("""COMPUTED_VALUE"""),"Yes") -> Yes | L37: =IFERROR(__xludf.DUMMYFUNCTION("""COMPUTED_VALUE"""),"sftp://graphic@103.41.58.141/marketing/WarzTH_LE/Item%20Dict/bait_lv1.png") -> sftp://graphic@103.41.58.141/marketing/WarzTH_LE/Item%20Dict/bait_lv1.png
A38: =IFERROR(__xludf.DUMMYFUNCTION("""COMPUTED_VALUE"""),TRUE) -> TRUE | B38: =IFERROR(__xludf.DUMMYFUNCTION("""COMPUTED_VALUE"""),"") | C38: =IFERROR(__xludf.DUMMYFUNCTION("""COMPUTED_VALUE"""),101511.0) -> 101511 | D38: =IFERROR(__xludf.DUMMYFUNCTION("""COMPUTED_VALUE"""),"https://cdn.exe.in.th/marketing/WarzTH_LE/Item%20Dict/bait_lv2.png") -> https://cdn.exe.in.th/marketing/WarzTH_LE/Item%20Dict/bait_lv2.png | E38: =IFERROR(__xludf.DUMMYFUNCTION("""COMPUTED_VALUE"""),"Bait Premium") -> Bait Premium | F38: =IFERROR(__xludf.DUMMYFUNCTION("""COMPUTED_VALUE"""),1.0) -> 1 | G38: =IFERROR(__xludf.DUMMYFUNCTION("""COMPUTED_VALUE"""),"10 GC") -> 10 GC | H38: =IFERROR(__xludf.DUMMYFUNCTION("""COMPUTED_VALUE"""),"-") -> - | I38: =IFERROR(__xludf.DUMMYFUNCTION("""COMPUTED_VALUE"""),"Consumable") -> Consumable | J38: =IFERROR(__xludf.DUMMYFUNCTION("""COMPUTED_VALUE"""),"Yes") -> Yes | L38: =IFERROR(__xludf.DUMMYFUNCTION("""COMPUTED_VALUE"""),"sftp://graphic@103.41.58.141/marketing/WarzTH_LE/Item%20Dict/bait_lv2.png") -> sftp://graphic@103.41.58.141/marketing/WarzTH_LE/Item%20Dict/bait_lv2.png
A39: =IFERROR(__xludf.DUMMYFUNCTION("""COMPUTED_VALUE"""),TRUE) -> TRUE | B39: =IFERROR(__xludf.DUMMYFUNCTION("""COMPUTED_VALUE"""),"") | C39: =IFERROR(__xludf.DUMMYFUNCTION("""COMPUTED_VALUE"""),101261.0) -> 101261 | D39: =IFERROR(__xludf.DUMMYFUNCTION("""COMPUTED_VALUE"""),"https://cdn.exe.in.th/marketing/WarzTH_LE/Item%20Dict/bandages.png") -> https://cdn.exe.in.th/marketing/WarzTH_LE/Item%20Dict/bandages.png | E39: =IFERROR(__xludf.DUMMYFUNCTION("""COMPUTED_VALUE"""),"Bandages") -> Bandages | F39: =IFERROR(__xludf.DUMMYFUNCTION("""COMPUTED_VALUE"""),0.4) -> 0.4 | G39: =IFERROR(__xludf.DUMMYFUNCTION("""COMPUTED_VALUE"""),"-") -> - | H39: =IFERROR(__xludf.DUMMYFUNCTION("""COMPUTED_VALUE"""),"333 Dollars") -> 333 Dollars | I39: =IFERROR(__xludf.DUMMYFUNCTION("""COMPUTED_VALUE"""),"Consumable") -> Consumable | J39: =IFERROR(__xludf.DUMMYFUNCTION("""COMPUTED_VALUE"""),"Yes") -> Yes | L39: =IFERROR(__xludf.DUMMYFUNCTION("""COMPUTED_VALUE"""),"sftp://graphic@103.41.58.141/marketing/WarzTH_LE/Item%20Dict/bandages.png") -> sftp://graphic@103.41.58.141/marketing/WarzTH_LE/Item%20Dict/bandages.png | N39: =IFERROR(__xludf.DUMMYFUNCTION("""COMPUTED_VALUE"""),"Common bandages which heal minor wounds and stops excessive bleeding.") -> Common bandages which heal minor wounds and stops excessive bleeding.
A40: =IFERROR(__xludf.DUMMYFUNCTION("""COMPUTED_VALUE"""),TRUE) -> TRUE | B40: =IFERROR(__xludf.DUMMYFUNCTION("""COMPUTED_VALUE"""),"") | C40: =IFERROR(__xludf.DUMMYFUNCTION("""COMPUTED_VALUE"""),101262.0) -> 101262 | D40: =IFERROR(__xludf.DUMMYFUNCTION("""COMPUTED_VALUE"""),"https://cdn.exe.in.th/marketing/WarzTH_LE/Item%20Dict/bandages_dx.png") -> https://cdn.exe.in.th/marketing/WarzTH_LE/Item%20Dict/bandages_dx.png | E40: =IFERROR(__xludf.DUMMYFUNCTION("""COMPUTED_VALUE"""),"Bandages DX") -> Bandages DX | F40: =IFERROR(__xludf.DUMMYFUNCTION("""COMPUTED_VALUE"""),0.8) -> 0.8 | G40: =IFERROR(__xludf.DUMMYFUNCTION("""COMPUTED_VALUE"""),"8 GC 5 ea / 40 GC") -> 8 GC 5 ea / 40 GC | H40: =IFERROR(__xludf.DUMMYFUNCTION("""COMPUTED_VALUE"""),"800 Dollars 5 ea / 4,000 Dollars") -> 800 Dollars 5 ea / 4,000 Dollars | I40: =IFERROR(__xludf.DUMMYFUNCTION("""COMPUTED_VALUE"""),"Consumable") -> Consumable | J40: =IFERROR(__xludf.DUMMYFUNCTION("""COMPUTED_VALUE"""),"Yes") -> Yes | L40: =IFERROR(__xludf.DUMMYFUNCTION("""COMPUTED_VALUE"""),"sftp://graphic@103.41.58.141/marketing/WarzTH_LE/Item%20Dict/bandages_dx.png") -> sftp://graphic@103.41.58.141/marketing/WarzTH_LE/Item%20Dict/bandages_dx.png | N40: =IFERROR(__xludf.DUMMYFUNCTION("""COMPUTED_VALUE"""),"Medical bandages which heal moderate wounds and stops excessive bleeding.") -> Medical bandages which heal moderate wounds and stops excessive bleeding.
A41: =IFERROR(__xludf.DUMMYFUNCTION("""COMPUTED_VALUE"""),TRUE) -> TRUE | B41: =IFERROR(__xludf.DUMMYFUNCTION("""COMPUTED_VALUE"""),"") | C41: =IFERROR(__xludf.DUMMYFUNCTION("""COMPUTED_VALUE"""),101316.0) -> 101316 | D41: =IFERROR(__xludf.DUMMYFUNCTION("""COMPUTED_VALUE"""),"https://cdn.exe.in.th/marketing/WarzTH_LE/Item%20Dict/barb_wire_barricade.png") -> https://cdn.exe.in.th/marketing/WarzTH_LE/Item%20Dict/barb_wire_barricade.png | E41: =IFERROR(__xludf.DUMMYFUNCTION("""COMPUTED_VALUE"""),"Barb wire barricade") -> Barb wire barricade | F41: =IFERROR(__xludf.DUMMYFUNCTION("""COMPUTED_VALUE"""),"-") -> - | G41: =IFERROR(__xludf.DUMMYFUNCTION("""COMPUTED_VALUE"""),"-") -> - | H41: =IFERROR(__xludf.DUMMYFUNCTION("""COMPUTED_VALUE"""),"-") -> - | I41: =IFERROR(__xludf.DUMMYFUNCTION("""COMPUTED_VALUE"""),"Consumable") -> Consumable | J41: =IFERROR(__xludf.DUMMYFUNCTION("""COMPUTED_VALUE"""),"Yes") -> Yes | L41: =IFERROR(__xludf.DUMMYFUNCTION("""COMPUTED_VALUE"""),"sftp://graphic@103.41.58.141/marketing/WarzTH_LE/Item%20Dict/barb_wire_barricade.png") -> sftp://graphic@103.41.58.141/marketing/WarzTH_LE/Item%20Dict/barb_wire_barricade.png | N41: =IFERROR(__xludf.DUMMYFUNCTION("""COMPUTED_VALUE"""),"Drag this across a doorway to barricade the entrance leaving you safe inside, unless something is already inside with you!") -> Drag this across a doorway to barricade the entrance leaving you safe inside, unless something is already inside with you!
A42: =IFERROR(__xludf.DUMMYFUNCTION("""COMPUTED_VALUE"""),TRUE) -> TRUE | B42: =IFERROR(__xludf.DUMMYFUNCTION("""COMPUTED_VALUE"""),"") | C42: =IFERROR(__xludf.DUMMYFUNCTION("""COMPUTED_VALUE"""),101278.0) -> 101278 | D42: =IFERROR(__xludf.DUMMYFUNCTION("""COMPUTED_VALUE"""),"https://cdn.exe.in.th/marketing/WarzTH_LE/Item%20Dict/bat.png") -> https://cdn.exe.in.th/marketing/WarzTH_LE/Item%20Dict/bat.png | E42: =IFERROR(__xludf.DUMMYFUNCTION("""COMPUTED_VALUE"""),"Bat") -> Bat | F42: =IFERROR(__xludf.DUMMYFUNCTION("""COMPUTED_VALUE"""),"-") -> - | G42: =IFERROR(__xludf.DUMMYFUNCTION("""COMPUTED_VALUE"""),"-") -> - | H42: =IFERROR(__xludf.DUMMYFUNCTION("""COMPUTED_VALUE"""),"-") -> - | I42: =IFERROR(__xludf.DUMMYFUNCTION("""COMPUTED_VALUE"""),"Weapon") -> Weapon | J42: =IFERROR(__xludf.DUMMYFUNCTION("""COMPUTED_VALUE"""),"No") -> No | L42: =IFERROR(__xludf.DUMMYFUNCTION("""COMPUTED_VALUE"""),"sftp://graphic@103.41.58.141/marketing/WarzTH_LE/Item%20Dict/bat.png") -> sftp://graphic@103.41.58.141/marketing/WarzTH_LE/Item%20Dict/bat.png | N42: =IFERROR(__xludf.DUMMYFUNCTION("""COMPUTED_VALUE"""),"Handy for those times when you need to beat the crap outta something or somebody.") -> Handy for those times when you need to beat the crap outta something or somebody.
A43: =IFERROR(__xludf.DUMMYFUNCTION("""COMPUTED_VALUE"""),TRUE) -> TRUE | B43: =IFERROR(__xludf.DUMMYFUNCTION("""COMPUTED_VALUE"""),"") | C43: =IFERROR(__xludf.DUMMYFUNCTION("""COMPUTED_VALUE"""),20022.0) -> 20022 | D43: =IFERROR(__xludf.DUMMYFUNCTION("""COMPUTED_VALUE"""),"https://cdn.exe.in.th/marketing/WarzTH_LE/Item%20Dict/beret_cover.png") -> https://cdn.exe.in.th/marketing/WarzTH_LE/Item%20Dict/beret_cover.png | E43: =IFERROR(__xludf.DUMMYFUNCTION("""COMPUTED_VALUE"""),"Beret Cover") -> Beret Cover | F43: =IFERROR(__xludf.DUMMYFUNCTION("""COMPUTED_VALUE"""),3.0) -> 3 | G43: =IFERROR(__xludf.DUMMYFUNCTION("""COMPUTED_VALUE"""),"-") -> - | H43: =IFERROR(__xludf.DUMMYFUNCTION("""COMPUTED_VALUE"""),"3,000 Dollars") -> 3,000 Dollars | I43: =IFERROR(__xludf.DUMMYFUNCTION("""COMPUTED_VALUE"""),"Equipment") -> Equipment | J43: =IFERROR(__xludf.DUMMYFUNCTION("""COMPUTED_VALUE"""),"No") -> No | L43: =IFERROR(__xludf.DUMMYFUNCTION("""COMPUTED_VALUE"""),"sftp://graphic@103.41.58.141/marketing/WarzTH_LE/Item%20Dict/beret_cover.png") -> sftp://graphic@103.41.58.141/marketing/WarzTH_LE/Item%20Dict/beret_cover.png | N43: =IFERROR(__xludf.DUMMYFUNCTION("""COMPUTED_VALUE"""),"This cover is a stylish military fashion statement which stands out smashingly in a combat zone!") -> This cover is a stylish military fashion statement which stands out smashingly in a combat zone!
A44: =IFERROR(__xludf.DUMMYFUNCTION("""COMPUTED_VALUE"""),TRUE) -> TRUE | B44: =IFERROR(__xludf.DUMMYFUNCTION("""COMPUTED_VALUE"""),"") | C44: =IFERROR(__xludf.DUMMYFUNCTION("""COMPUTED_VALUE"""),101315.0) -> 101315 | D44: =IFERROR(__xludf.DUMMYFUNCTION("""COMPUTED_VALUE"""),"https://cdn.exe.in.th/marketing/WarzTH_LE/Item%20Dict/binoculars.png") -> https://cdn.exe.in.th/marketing/WarzTH_LE/Item%20Dict/binoculars.png | E44: =IFERROR(__xludf.DUMMYFUNCTION("""COMPUTED_VALUE"""),"Binoculars") -> Binoculars | F44: =IFERROR(__xludf.DUMMYFUNCTION("""COMPUTED_VALUE"""),3.0) -> 3 | G44: =IFERROR(__xludf.DUMMYFUNCTION("""COMPUTED_VALUE"""),"30 GC") -> 30 GC | H44: =IFERROR(__xludf.DUMMYFUNCTION("""COMPUTED_VALUE"""),"3,000 Dollars") -> 3,000 Dollars | I44: =IFERROR(__xludf.DUMMYFUNCTION("""COMPUTED_VALUE"""),"Consumable") -> Consumable | J44: =IFERROR(__xludf.DUMMYFUNCTION("""COMPUTED_VALUE"""),"Yes") -> Yes | L44: =IFERROR(__xludf.DUMMYFUNCTION("""COMPUTED_VALUE"""),"sftp://graphic@103.41.58.141/marketing/WarzTH_LE/Item%20Dict/binoculars.png") -> sftp://graphic@103.41.58.141/marketing/WarzTH_LE/Item%20Dict/binoculars.png | N44: =IFERROR(__xludf.DUMMYFUNCTION("""COMPUTED_VALUE"""),"A great way to checkout if an area is safe before entering, keep an eye out for infected and bandits") -> A great way to checkout if an area is safe before entering, keep an eye out for infected and bandits
A45: =IFERROR(__xludf.DUMMYFUNCTION("""COMPUTED_VALUE"""),TRUE) -> TRUE | B45: =IFERROR(__xludf.DUMMYFUNCTION("""COMPUTED_VALUE"""),"") | C45: =IFERROR(__xludf.DUMMYFUNCTION("""COMPUTED_VALUE"""),101109.0) -> 101109 | D45: =IFERROR(__xludf.DUMMYFUNCTION("""COMPUTED_VALUE"""),"https://cdn.exe.in.th/marketing/WarzTH_LE/Item%20Dict/bizon.png") -> https://cdn.exe.in.th/marketing/WarzTH_LE/Item%20Dict/bizon.png | E45: =IFERROR(__xludf.DUMMYFUNCTION("""COMPUTED_VALUE"""),"BIZON") -> BIZON | F45: =IFERROR(__xludf.DUMMYFUNCTION("""COMPUTED_VALUE"""),2.0) -> 2 | G45: =IFERROR(__xludf.DUMMYFUNCTION("""COMPUTED_VALUE"""),"-") -> - | H45: =IFERROR(__xludf.DUMMYFUNCTION("""COMPUTED_VALUE"""),"-") -> - | I45: =IFERROR(__xludf.DUMMYFUNCTION("""COMPUTED_VALUE"""),"Weapon") -> Weapon | J45: =IFERROR(__xludf.DUMMYFUNCTION("""COMPUTED_VALUE"""),"No") -> No | K45: =IFERROR(__xludf.DUMMYFUNCTION("""COMPUTED_VALUE"""),"C") -> C | L45: =IFERROR(__xludf.DUMMYFUNCTION("""COMPUTED_VALUE"""),"sftp://graphic@103.41.58.141/marketing/WarzTH_LE/Item%20Dict/bizon.png") -> sftp://graphic@103.41.58.141/marketing/WarzTH_LE/Item%20Dict/bizon.png | N45: =IFERROR(__xludf.DUMMYFUNCTION("""COMPUTED_VALUE"""),"The Bizon submachine gun was designed to fire a 9 mm round from a 64 round magazine delivering accurate fire on close range targets.") -> The Bizon submachine gun was designed to fire a 9 mm round from a 64 round magazine delivering accurate fire on close range targets.
A46: =IFERROR(__xludf.DUMMYFUNCTION("""COMPUTED_VALUE"""),TRUE) -> TRUE | B46: =IFERROR(__xludf.DUMMYFUNCTION("""COMPUTED_VALUE"""),"") | C46: =IFERROR(__xludf.DUMMYFUNCTION("""COMPUTED_VALUE"""),400047.0) -> 400047 | D46: =IFERROR(__xludf.DUMMYFUNCTION("""COMPUTED_VALUE"""),"https://cdn.exe.in.th/marketing/WarzTH_LE/Item%20Dict/bizon_ammo.png") -> https://cdn.exe.in.th/marketing/WarzTH_LE/Item%20Dict/bizon_ammo.png | E46: =IFERROR(__xludf.DUMMYFUNCTION("""COMPUTED_VALUE"""),"Bizon 64 ammo") -> Bizon 64 ammo | F46: =IFERROR(__xludf.DUMMYFUNCTION("""COMPUTED_VALUE"""),1.5) -> 1.5 | G46: =IFERROR(__xludf.DUMMYFUNCTION("""COMPUTED_VALUE"""),"-") -> - | H46: =IFERROR(__xludf.DUMMYFUNCTION("""COMPUTED_VALUE"""),"1,200 Dollars") -> 1,200 Dollars | I46: =IFERROR(__xludf.DUMMYFUNCTION("""COMPUTED_VALUE"""),"Ammo") -> Ammo | J46: =IFERROR(__xludf.DUMMYFUNCTION("""COMPUTED_VALUE"""),"Yes") -> Yes | L46: =IFERROR(__xludf.DUMMYFUNCTION("""COMPUTED_VALUE"""),"sftp://graphic@103.41.58.141/marketing/WarzTH_LE/Item%20Dict/bizon_ammo.png") -> sftp://graphic@103.41.58.141/marketing/WarzTH_LE/Item%20Dict/bizon_ammo.png | N46: =IFERROR(__xludf.DUMMYFUNCTION("""COMPUTED_VALUE"""),"Bizon sub machine gun clip. Clip contains 64 rounds of 9x18mm ammo") -> Bizon sub machine gun clip. Clip contains 64 rounds of 9x18mm ammo
A47: =IFERROR(__xludf.DUMMYFUNCTION("""COMPUTED_VALUE"""),TRUE) -> TRUE | B47: =IFERROR(__xludf.DUMMYFUNCTION("""COMPUTED_VALUE"""),"") | C47: =IFERROR(__xludf.DUMMYFUNCTION("""COMPUTED_VALUE"""),20032.0) -> 20032 | D47: =IFERROR(__xludf.DUMMYFUNCTION("""COMPUTED_VALUE"""),"https://cdn.exe.in.th/marketing/WarzTH_LE/Item%20Dict/black_mask.png") -> https://cdn.exe.in.th/marketing/WarzTH_LE/Item%20Dict/black_mask.png | E47: =IFERROR(__xludf.DUMMYFUNCTION("""COMPUTED_VALUE"""),"Black Mask") -> Black Mask | F47: =IFERROR(__xludf.DUMMYFUNCTION("""COMPUTED_VALUE"""),1.0) -> 1 | G47: =IFERROR(__xludf.DUMMYFUNCTION("""COMPUTED_VALUE"""),"-") -> - | H47: =IFERROR(__xludf.DUMMYFUNCTION("""COMPUTED_VALUE"""),"1,000 Dollars") -> 1,000 Dollars | I47: =IFERROR(__xludf.DUMMYFUNCTION("""COMPUTED_VALUE"""),"Equipment") -> Equipment | J47: =IFERROR(__xludf.DUMMYFUNCTION("""COMPUTED_VALUE"""),"No") -> No | L47: =IFERROR(__xludf.DUMMYFUNCTION("""COMPUTED_VALUE"""),"sftp://graphic@103.41.58.141/marketing/WarzTH_LE/Item%20Dict/black_mask.png") -> sftp://graphic@103.41.58.141/marketing/WarzTH_LE/Item%20Dict/black_mask.png | N47: =IFERROR(__xludf.DUMMYFUNCTION("""COMPUTED_VALUE"""),"The frightening Black Mask of Death, sure to give your enemies the chills.") -> The frightening Black Mask of Death, sure to give your enemies the chills.
A48: =IFERROR(__xludf.DUMMYFUNCTION("""COMPUTED_VALUE"""),TRUE) -> TRUE | B48: =IFERROR(__xludf.DUMMYFUNCTION("""COMPUTED_VALUE"""),"") | C48: =IFERROR(__xludf.DUMMYFUNCTION("""COMPUTED_VALUE"""),400038.0) -> 400038 | D48: =IFERROR(__xludf.DUMMYFUNCTION("""COMPUTED_VALUE"""),"https://cdn.exe.in.th/marketing/WarzTH_LE/Item%20Dict/blackwater_long_rang.png") -> https://cdn.exe.in.th/marketing/WarzTH_LE/Item%20Dict/blackwater_long_rang.png | E48: =IFERROR(__xludf.DUMMYFUNCTION("""COMPUTED_VALUE"""),"Blackwater Long Range") -> Blackwater Long Range | F48: =IFERROR(__xludf.DUMMYFUNCTION("""COMPUTED_VALUE"""),3.0) -> 3 | G48: =IFERROR(__xludf.DUMMYFUNCTION("""COMPUTED_VALUE"""),"30 GC") -> 30 GC | H48: =IFERROR(__xludf.DUMMYFUNCTION("""COMPUTED_VALUE"""),"3,000 Dollars") -> 3,000 Dollars | I48: =IFERROR(__xludf.DUMMYFUNCTION("""COMPUTED_VALUE"""),"Attachment") -> Attachment | J48: =IFERROR(__xludf.DUMMYFUNCTION("""COMPUTED_VALUE"""),"No") -> No | L48: =IFERROR(__xludf.DUMMYFUNCTION("""COMPUTED_VALUE"""),"sftp://graphic@103.41.58.141/marketing/WarzTH_LE/Item%20Dict/blackwater_long_rang.png") -> sftp://graphic@103.41.58.141/marketing/WarzTH_LE/Item%20Dict/blackwater_long_rang.png | N48: =IFERROR(__xludf.DUMMYFUNCTION("""COMPUTED_VALUE"""),"The Blackwater Long Range scope is a 10x rail mounted scope designed to be used used at long ranges.") -> The Blackwater Long Range scope is a 10x rail mounted scope designed to be used used at long ranges.
A49: =IFERROR(__xludf.DUMMYFUNCTION("""COMPUTED_VALUE"""),TRUE) -> TRUE | B49: =IFERROR(__xludf.DUMMYFUNCTION("""COMPUTED_VALUE"""),"") | C49: =IFERROR(__xludf.DUMMYFUNCTION("""COMPUTED_VALUE"""),101247.0) -> 101247 | D49: =IFERROR(__xludf.DUMMYFUNCTION("""COMPUTED_VALUE"""),"https://cdn.exe.in.th/marketing/WarzTH_LE/Item%20Dict/blaser_r93.png") -> https://cdn.exe.in.th/marketing/WarzTH_LE/Item%20Dict/blaser_r93.png | E49: =IFERROR(__xludf.DUMMYFUNCTION("""COMPUTED_VALUE"""),"BLASER R93") -> BLASER R93 | F49: =IFERROR(__xludf.DUMMYFUNCTION("""COMPUTED_VALUE"""),7000.0) -> 7000 | G49: =IFERROR(__xludf.DUMMYFUNCTION("""COMPUTED_VALUE"""),"-") -> - | H49: =IFERROR(__xludf.DUMMYFUNCTION("""COMPUTED_VALUE"""),"-") -> - | I49: =IFERROR(__xludf.DUMMYFUNCTION("""COMPUTED_VALUE"""),"Weapon") -> Weapon | J49: =IFERROR(__xludf.DUMMYFUNCTION("""COMPUTED_VALUE"""),"No") -> No | K49: =IFERROR(__xludf.DUMMYFUNCTION("""COMPUTED_VALUE"""),"S") -> S | L49: =IFERROR(__xludf.DUMMYFUNCTION("""COMPUTED_VALUE"""),"sftp://graphic@103.41.58.141/marketing/WarzTH_LE/Item%20Dict/blaser_r93.png") -> sftp://graphic@103.41.58.141/marketing/WarzTH_LE/Item%20Dict/blaser_r93.png | N49: =IFERROR(__xludf.DUMMYFUNCTION("""COMPUTED_VALUE"""),"The Blaser is a bolt action sniper rifle, designed to fire a .308W round from a 5 round clip. It is a highly accurate weapon at longer ranges.") -> The Blaser is a bolt action sniper rifle, designed to fire a .308W round from a 5 round clip. It is a highly accurate weapon at longer ranges.
A50: =IFERROR(__xludf.DUMMYFUNCTION("""COMPUTED_VALUE"""),TRUE) -> TRUE | B50: =IFERROR(__xludf.DUMMYFUNCTION("""COMPUTED_VALUE"""),"") | C50: =IFERROR(__xludf.DUMMYFUNCTION("""COMPUTED_VALUE"""),101317.0) -> 101317 | D50: =IFERROR(__xludf.DUMMYFUNCTION("""COMPUTED_VALUE"""),"https://cdn.exe.in.th/marketing/WarzTH_LE/Item%20Dict/wood_shield_barricade.png") -> https://cdn.exe.in.th/marketing/WarzTH_LE/Item%20Dict/wood_shield_barricade.png | E50: =IFERROR(__xludf.DUMMYFUNCTION("""COMPUTED_VALUE"""),"Wood shield barricade") -> Wood shield barricade | F50: =IFERROR(__xludf.DUMMYFUNCTION("""COMPUTED_VALUE"""),2.0) -> 2 | G50: =IFERROR(__xludf.DUMMYFUNCTION("""COMPUTED_VALUE"""),"-") -> - | H50: =IFERROR(__xludf.DUMMYFUNCTION("""COMPUTED_VALUE"""),"1,600 Dollars") -> 1,600 Dollars | I50: =IFERROR(__xludf.DUMMYFUNCTION("""COMPUTED_VALUE"""),"Consumable") -> Consumable | J50: =IFERROR(__xludf.DUMMYFUNCTION("""COMPUTED_VALUE"""),"Yes") -> Yes | L50: =IFERROR(__xludf.DUMMYFUNCTION("""COMPUTED_VALUE"""),"sftp://graphic@103.41.58.141/marketing/WarzTH_LE/Item%20Dict/wood_shield_barricade.png") -> sftp://graphic@103.41.58.141/marketing/WarzTH_LE/Item%20Dict/wood_shield_barricade.png | N50: =IFERROR(__xludf.DUMMYFUNCTION("""COMPUTED_VALUE"""),"Great for blocking doorways to keep out those pesky infected") -> Great for blocking doorways to keep out those pesky infected
A51: =IFERROR(__xludf.DUMMYFUNCTION("""COMPUTED_VALUE"""),TRUE) -> TRUE | B51: =IFERROR(__xludf.DUMMYFUNCTION("""COMPUTED_VALUE"""),"") | C51: =IFERROR(__xludf.DUMMYFUNCTION("""COMPUTED_VALUE"""),20023.0) -> 20023 | D51: =IFERROR(__xludf.DUMMYFUNCTION("""COMPUTED_VALUE"""),"https://cdn.exe.in.th/marketing/WarzTH_LE/Item%20Dict/boonie.png") -> https://cdn.exe.in.th/marketing/WarzTH_LE/Item%20Dict/boonie.png | E51: =IFERROR(__xludf.DUMMYFUNCTION("""COMPUTED_VALUE"""),"Boonie Cover") -> Boonie Cover | F51: =IFERROR(__xludf.DUMMYFUNCTION("""COMPUTED_VALUE"""),1.5) -> 1.5 | G51: =IFERROR(__xludf.DUMMYFUNCTION("""COMPUTED_VALUE"""),"-") -> - | H51: =IFERROR(__xludf.DUMMYFUNCTION("""COMPUTED_VALUE"""),"1,500 Dollars") -> 1,500 Dollars | I51: =IFERROR(__xludf.DUMMYFUNCTION("""COMPUTED_VALUE"""),"Equipment") -> Equipment | J51: =IFERROR(__xludf.DUMMYFUNCTION("""COMPUTED_VALUE"""),"No") -> No | L51: =IFERROR(__xludf.DUMMYFUNCTION("""COMPUTED_VALUE"""),"sftp://graphic@103.41.58.141/marketing/WarzTH_LE/Item%20Dict/boonie.png") -> sftp://graphic@103.41.58.141/marketing/WarzTH_LE/Item%20Dict/boonie.png | N51: =IFERROR(__xludf.DUMMYFUNCTION("""COMPUTED_VALUE"""),"This Jungle Boonie cover is high speed, great for blending in and blocking out the sun and bugs but it won't stop bullets.") -> This Jungle Boonie cover is high speed, great for blending in and blocking out the sun and bugs but it won't stop bullets.
A52: =IFERROR(__xludf.DUMMYFUNCTION("""COMPUTED_VALUE"""),TRUE) -> TRUE | B52: =IFERROR(__xludf.DUMMYFUNCTION("""COMPUTED_VALUE"""),"") | C52: =IFERROR(__xludf.DUMMYFUNCTION("""COMPUTED_VALUE"""),20041.0) -> 20041 | D52: =IFERROR(__xludf.DUMMYFUNCTION("""COMPUTED_VALUE"""),"https://cdn.exe.in.th/marketing/WarzTH_LE/Item%20Dict/boonie_desert.png") -> https://cdn.exe.in.th/marketing/WarzTH_LE/Item%20Dict/boonie_desert.png | E52: =IFERROR(__xludf.DUMMYFUNCTION("""COMPUTED_VALUE"""),"Boonie Desert") -> Boonie Desert | F52: =IFERROR(__xludf.DUMMYFUNCTION("""COMPUTED_VALUE"""),1.5) -> 1.5 | G52: =IFERROR(__xludf.DUMMYFUNCTION("""COMPUTED_VALUE"""),"-") -> - | H52: =IFERROR(__xludf.DUMMYFUNCTION("""COMPUTED_VALUE"""),"1,500 Dollars") -> 1,500 Dollars | I52: =IFERROR(__xludf.DUMMYFUNCTION("""COMPUTED_VALUE"""),"Equipment") -> Equipment | J52: =IFERROR(__xludf.DUMMYFUNCTION("""COMPUTED_VALUE"""),"No") -> No | L52: =IFERROR(__xludf.DUMMYFUNCTION("""COMPUTED_VALUE"""),"sftp://graphic@103.41.58.141/marketing/WarzTH_LE/Item%20Dict/boonie_desert.png") -> sftp://graphic@103.41.58.141/marketing/WarzTH_LE/Item%20Dict/boonie_desert.png | N52: =IFERROR(__xludf.DUMMYFUNCTION("""COMPUTED_VALUE"""),"This boonie hat is great for desert ops, keeping you out of the sun and foiling those pesky bugs.") -> This boonie hat is great for desert ops, keeping you out of the sun and foiling those pesky bugs.
A53: =IFERROR(__xludf.DUMMYFUNCTION("""COMPUTED_VALUE"""),TRUE) -> TRUE | B53: =IFERROR(__xludf.DUMMYFUNCTION("""COMPUTED_VALUE"""),"") | C53: =IFERROR(__xludf.DUMMYFUNCTION("""COMPUTED_VALUE"""),20042.0) -> 20042 | D53: =IFERROR(__xludf.DUMMYFUNCTION("""COMPUTED_VALUE"""),"https://cdn.exe.in.th/marketing/WarzTH_LE/Item%20Dict/boonie_green.png") -> https://cdn.exe.in.th/marketing/WarzTH_LE/Item%20Dict/boonie_green.png | E53: =IFERROR(__xludf.DUMMYFUNCTION("""COMPUTED_VALUE"""),"Boonie Green") -> Boonie Green | F53: =IFERROR(__xludf.DUMMYFUNCTION("""COMPUTED_VALUE"""),1.5) -> 1.5 | G53: =IFERROR(__xludf.DUMMYFUNCTION("""COMPUTED_VALUE"""),"-") -> - | H53: =IFERROR(__xludf.DUMMYFUNCTION("""COMPUTED_VALUE"""),"1,500 Dollars") -> 1,500 Dollars | I53: =IFERROR(__xludf.DUMMYFUNCTION("""COMPUTED_VALUE"""),"Equipment") -> Equipment | J53: =IFERROR(__xludf.DUMMYFUNCTION("""COMPUTED_VALUE"""),"No") -> No | L53: =IFERROR(__xludf.DUMMYFUNCTION("""COMPUTED_VALUE"""),"sftp://graphic@103.41.58.141/marketing/WarzTH_LE/Item%20Dict/boonie_green.png") -> sftp://graphic@103.41.58.141/marketing/WarzTH_LE/Item%20Dict/boonie_green.png | N53: =IFERROR(__xludf.DUMMYFUNCTION("""COMPUTED_VALUE"""),"While not a bullet stopper this boonie hat will keep you cool and in camo in the wild places.") -> While not a bullet stopper this boonie hat will keep you cool and in camo in the wild places.
A54: =IFERROR(__xludf.DUMMYFUNCTION("""COMPUTED_VALUE"""),TRUE) -> TRUE | B54: =IFERROR(__xludf.DUMMYFUNCTION("""COMPUTED_VALUE"""),"") | C54: =IFERROR(__xludf.DUMMYFUNCTION("""COMPUTED_VALUE"""),20096.0) -> 20096 | D54: =IFERROR(__xludf.DUMMYFUNCTION("""COMPUTED_VALUE"""),"https://cdn.exe.in.th/marketing/WarzTH_LE/Item%20Dict/boonie_hat_leather.png") -> https://cdn.exe.in.th/marketing/WarzTH_LE/Item%20Dict/boonie_hat_leather.png | E54: =IFERROR(__xludf.DUMMYFUNCTION("""COMPUTED_VALUE"""),"Boonie Hat Leather") -> Boonie Hat Leather | F54: =IFERROR(__xludf.DUMMYFUNCTION("""COMPUTED_VALUE"""),1.5) -> 1.5 | G54: =IFERROR(__xludf.DUMMYFUNCTION("""COMPUTED_VALUE"""),"-") -> - | H54: =IFERROR(__xludf.DUMMYFUNCTION("""COMPUTED_VALUE"""),"1,500 Dollars") -> 1,500 Dollars | I54: =IFERROR(__xludf.DUMMYFUNCTION("""COMPUTED_VALUE"""),"Equipment") -> Equipment | J54: =IFERROR(__xludf.DUMMYFUNCTION("""COMPUTED_VALUE"""),"No") -> No | L54: =IFERROR(__xludf.DUMMYFUNCTION("""COMPUTED_VALUE"""),"sftp://graphic@103.41.58.141/marketing/WarzTH_LE/Item%20Dict/boonie_hat_leather.png") -> sftp://graphic@103.41.58.141/marketing/WarzTH_LE/Item%20Dict/boonie_hat_leather.png | N54: =IFERROR(__xludf.DUMMYFUNCTION("""COMPUTED_VALUE"""),"This is the boonie hat that comes with a bit of sophistication. It is all leather, which is bound to be a hit, but it will not stop one!") -> This is the boonie hat that comes with a bit of sophistication. It is all leather, which is bound to be a hit, but it will not stop one!
A55: =IFERROR(__xludf.DUMMYFUNCTION("""COMPUTED_VALUE"""),TRUE) -> TRUE | B55: =IFERROR(__xludf.DUMMYFUNCTION("""COMPUTED_VALUE"""),"") | C55: =IFERROR(__xludf.DUMMYFUNCTION("""COMPUTED_VALUE"""),310001.0) -> 310001 | D55: =IFERROR(__xludf.DUMMYFUNCTION("""COMPUTED_VALUE"""),"https://cdn.exe.in.th/marketing/WarzTH_LE/Item%20Dict/Box_boss_lv1.png") -> https://cdn.exe.in.th/marketing/WarzTH_LE/Item%20Dict/Box_boss_lv1.png | E55: =IFERROR(__xludf.DUMMYFUNCTION("""COMPUTED_VALUE"""),"Box Boss 1") -> Box Boss 1 | F55: =IFERROR(__xludf.DUMMYFUNCTION("""COMPUTED_VALUE"""),50.0) -> 50 | G55: =IFERROR(__xludf.DUMMYFUNCTION("""COMPUTED_VALUE"""),"-") -> - | H55: =IFERROR(__xludf.DUMMYFUNCTION("""COMPUTED_VALUE"""),"-") -> - | I55: =IFERROR(__xludf.DUMMYFUNCTION("""COMPUTED_VALUE"""),"Box") -> Box | J55: =IFERROR(__xludf.DUMMYFUNCTION("""COMPUTED_VALUE"""),"Yes") -> Yes | L55: =IFERROR(__xludf.DUMMYFUNCTION("""COMPUTED_VALUE"""),"sftp://graphic@103.41.58.141/marketing/WarzTH_LE/Item%20Dict/Box_boss_lv1.png") -> sftp://graphic@103.41.58.141/marketing/WarzTH_LE/Item%20Dict/Box_boss_lv1.png
A56: =IFERROR(__xludf.DUMMYFUNCTION("""COMPUTED_VALUE"""),TRUE) -> TRUE | B56: =IFERROR(__xludf.DUMMYFUNCTION("""COMPUTED_VALUE"""),"") | C56: =IFERROR(__xludf.DUMMYFUNCTION("""COMPUTED_VALUE"""),310002.0) -> 310002 | D56: =IFERROR(__xludf.DUMMYFUNCTION("""COMPUTED_VALUE"""),"https://cdn.exe.in.th/marketing/WarzTH_LE/Item%20Dict/Box_boss_lv2.png") -> https://cdn.exe.in.th/marketing/WarzTH_LE/Item%20Dict/Box_boss_lv2.png | E56: =IFERROR(__xludf.DUMMYFUNCTION("""COMPUTED_VALUE"""),"Box Boss 2") -> Box Boss 2 | F56: =IFERROR(__xludf.DUMMYFUNCTION("""COMPUTED_VALUE"""),400.0) -> 400 | G56: =IFERROR(__xludf.DUMMYFUNCTION("""COMPUTED_VALUE"""),"-") -> - | H56: =IFERROR(__xludf.DUMMYFUNCTION("""COMPUTED_VALUE"""),"-") -> - | I56: =IFERROR(__xludf.DUMMYFUNCTION("""COMPUTED_VALUE"""),"Box") -> Box | J56: =IFERROR(__xludf.DUMMYFUNCTION("""COMPUTED_VALUE"""),"Yes") -> Yes | L56: =IFERROR(__xludf.DUMMYFUNCTION("""COMPUTED_VALUE"""),"sftp://graphic@103.41.58.141/marketing/WarzTH_LE/Item%20Dict/Box_boss_lv2.png") -> sftp://graphic@103.41.58.141/marketing/WarzTH_LE/Item%20Dict/Box_boss_lv2.png
A57: =IFERROR(__xludf.DUMMYFUNCTION("""COMPUTED_VALUE"""),TRUE) -> TRUE | B57: =IFERROR(__xludf.DUMMYFUNCTION("""COMPUTED_VALUE"""),"") | C57: =IFERROR(__xludf.DUMMYFUNCTION("""COMPUTED_VALUE"""),310003.0) -> 310003 | D57: =IFERROR(__xludf.DUMMYFUNCTION("""COMPUTED_VALUE"""),"https://cdn.exe.in.th/marketing/WarzTH_LE/Item%20Dict/BOX_Fish_lv1.png") -> https://cdn.exe.in.th/marketing/WarzTH_LE/Item%20Dict/BOX_Fish_lv1.png | E57: =IFERROR(__xludf.DUMMYFUNCTION("""COMPUTED_VALUE"""),"Box Fish 1") -> Box Fish 1 | F57: =IFERROR(__xludf.DUMMYFUNCTION("""COMPUTED_VALUE"""),15.0) -> 15 | G57: =IFERROR(__xludf.DUMMYFUNCTION("""COMPUTED_VALUE"""),"-") -> - | H57: =IFERROR(__xludf.DUMMYFUNCTION("""COMPUTED_VALUE"""),"-") -> - | I57: =IFERROR(__xludf.DUMMYFUNCTION("""COMPUTED_VALUE"""),"Box") -> Box | J57: =IFERROR(__xludf.DUMMYFUNCTION("""COMPUTED_VALUE"""),"Yes") -> Yes | L57: =IFERROR(__xludf.DUMMYFUNCTION("""COMPUTED_VALUE"""),"sftp://graphic@103.41.58.141/marketing/WarzTH_LE/Item%20Dict/BOX_Fish_lv1.png") -> sftp://graphic@103.41.58.141/marketing/WarzTH_LE/Item%20Dict/BOX_Fish_lv1.png
A58: =IFERROR(__xludf.DUMMYFUNCTION("""COMPUTED_VALUE"""),TRUE) -> TRUE | B58: =IFERROR(__xludf.DUMMYFUNCTION("""COMPUTED_VALUE"""),"") | C58: =IFERROR(__xludf.DUMMYFUNCTION("""COMPUTED_VALUE"""),310004.0) -> 310004 | D58: =IFERROR(__xludf.DUMMYFUNCTION("""COMPUTED_VALUE"""),"https://cdn.exe.in.th/marketing/WarzTH_LE/Item%20Dict/BOX_Fish_lv2.png") -> https://cdn.exe.in.th/marketing/WarzTH_LE/Item%20Dict/BOX_Fish_lv2.png | E58: =IFERROR(__xludf.DUMMYFUNCTION("""COMPUTED_VALUE"""),"Box Fish 2") -> Box Fish 2 | F58: =IFERROR(__xludf.DUMMYFUNCTION("""COMPUTED_VALUE"""),30.0) -> 30 | G58: =IFERROR(__xludf.DUMMYFUNCTION("""COMPUTED_VALUE"""),"-") -> - | H58: =IFERROR(__xludf.DUMMYFUNCTION("""COMPUTED_VALUE"""),"-") -> - | I58: =IFERROR(__xludf.DUMMYFUNCTION("""COMPUTED_VALUE"""),"Box") -> Box | J58: =IFERROR(__xludf.DUMMYFUNCTION("""COMPUTED_VALUE"""),"Yes") -> Yes | L58: =IFERROR(__xludf.DUMMYFUNCTION("""COMPUTED_VALUE"""),"sftp://graphic@103.41.58.141/marketing/WarzTH_LE/Item%20Dict/BOX_Fish_lv2.png") -> sftp://graphic@103.41.58.141/marketing/WarzTH_LE/Item%20Dict/BOX_Fish_lv2.png
A59: =IFERROR(__xludf.DUMMYFUNCTION("""COMPUTED_VALUE"""),TRUE) -> TRUE | B59: =IFERROR(__xludf.DUMMYFUNCTION("""COMPUTED_VALUE"""),"") | C59: =IFERROR(__xludf.DUMMYFUNCTION("""COMPUTED_VALUE"""),101381.0) -> 101381 | D59: =IFERROR(__xludf.DUMMYFUNCTION("""COMPUTED_VALUE"""),"https://cdn.exe.in.th/marketing/WarzTH_LE/Item%20Dict/butterfly_knife.png") -> https://cdn.exe.in.th/marketing/WarzTH_LE/Item%20Dict/butterfly_knife.png | E59: =IFERROR(__xludf.DUMMYFUNCTION("""COMPUTED_VALUE"""),"Butterfly Knife") -> Butterfly Knife | F59: =IFERROR(__xludf.DUMMYFUNCTION("""COMPUTED_VALUE"""),1.5) -> 1.5 | G59: =IFERROR(__xludf.DUMMYFUNCTION("""COMPUTED_VALUE"""),"15 GC") -> 15 GC | H59: =IFERROR(__xludf.DUMMYFUNCTION("""COMPUTED_VALUE"""),"1,500 Dollars") -> 1,500 Dollars | I59: =IFERROR(__xludf.DUMMYFUNCTION("""COMPUTED_VALUE"""),"Weapon") -> Weapon | J59: =IFERROR(__xludf.DUMMYFUNCTION("""COMPUTED_VALUE"""),"No") -> No | L59: =IFERROR(__xludf.DUMMYFUNCTION("""COMPUTED_VALUE"""),"sftp://graphic@103.41.58.141/marketing/WarzTH_LE/Item%20Dict/butterfly_knife.png") -> sftp://graphic@103.41.58.141/marketing/WarzTH_LE/Item%20Dict/butterfly_knife.png | N59: =IFERROR(__xludf.DUMMYFUNCTION("""COMPUTED_VALUE"""),"A folding knife with two handles counter rotating around the blade so that when its closed the blade concealed") -> A folding knife with two handles counter rotating around the blade so that when its closed the blade concealed
A60: =IFERROR(__xludf.DUMMYFUNCTION("""COMPUTED_VALUE"""),TRUE) -> TRUE | B60: =IFERROR(__xludf.DUMMYFUNCTION("""COMPUTED_VALUE"""),"") | C60: =IFERROR(__xludf.DUMMYFUNCTION("""COMPUTED_VALUE"""),101302.0) -> 101302 | D60: =IFERROR(__xludf.DUMMYFUNCTION("""COMPUTED_VALUE"""),"https://cdn.exe.in.th/marketing/WarzTH_LE/Item%20Dict/vaccine_01.png") -> https://cdn.exe.in.th/marketing/WarzTH_LE/Item%20Dict/vaccine_01.png | E60: =IFERROR(__xludf.DUMMYFUNCTION("""COMPUTED_VALUE"""),"C01-Vaccine") -> C01-Vaccine | F60: =IFERROR(__xludf.DUMMYFUNCTION("""COMPUTED_VALUE"""),1.0) -> 1 | G60: =IFERROR(__xludf.DUMMYFUNCTION("""COMPUTED_VALUE"""),"-") -> - | H60: =IFERROR(__xludf.DUMMYFUNCTION("""COMPUTED_VALUE"""),"1,000 Dollars") -> 1,000 Dollars | I60: =IFERROR(__xludf.DUMMYFUNCTION("""COMPUTED_VALUE"""),"Consumable") -> Consumable | J60: =IFERROR(__xludf.DUMMYFUNCTION("""COMPUTED_VALUE"""),"Yes") -> Yes | L60: =IFERROR(__xludf.DUMMYFUNCTION("""COMPUTED_VALUE"""),"sftp://graphic@103.41.58.141/marketing/WarzTH_LE/Item%20Dict/vaccine_01.png") -> sftp://graphic@103.41.58.141/marketing/WarzTH_LE/Item%20Dict/vaccine_01.png | N60: =IFERROR(__xludf.DUMMYFUNCTION("""COMPUTED_VALUE"""),"An early prototype vaccine that when injected into your bloodstream fights off the infection and lowers blood toxicity levels. Its effectiveness is low however in comparison to later developed vaccines.") -> An early prototype vaccine that when injected into your bloodstream fights off the infection and lowers blood toxicity levels. Its effectiveness is low however in comparison to later developed vaccines.
A61: =IFERROR(__xludf.DUMMYFUNCTION("""COMPUTED_VALUE"""),TRUE) -> TRUE | B61: =IFERROR(__xludf.DUMMYFUNCTION("""COMPUTED_VALUE"""),"") | C61: =IFERROR(__xludf.DUMMYFUNCTION("""COMPUTED_VALUE"""),101303.0) -> 101303 | D61: =IFERROR(__xludf.DUMMYFUNCTION("""COMPUTED_VALUE"""),"https://cdn.exe.in.th/marketing/WarzTH_LE/Item%20Dict/vaccine_04.png") -> https://cdn.exe.in.th/marketing/WarzTH_LE/Item%20Dict/vaccine_04.png | E61: =IFERROR(__xludf.DUMMYFUNCTION("""COMPUTED_VALUE"""),"C04-Vaccine") -> C04-Vaccine | F61: =IFERROR(__xludf.DUMMYFUNCTION("""COMPUTED_VALUE"""),2.0) -> 2 | G61: =IFERROR(__xludf.DUMMYFUNCTION("""COMPUTED_VALUE"""),"20 GC") -> 20 GC | H61: =IFERROR(__xludf.DUMMYFUNCTION("""COMPUTED_VALUE"""),"2,000 Dollars") -> 2,000 Dollars | I61: =IFERROR(__xludf.DUMMYFUNCTION("""COMPUTED_VALUE"""),"Consumable") -> Consumable | J61: =IFERROR(__xludf.DUMMYFUNCTION("""COMPUTED_VALUE"""),"Yes") -> Yes | L61: =IFERROR(__xludf.DUMMYFUNCTION("""COMPUTED_VALUE"""),"sftp://graphic@103.41.58.141/marketing/WarzTH_LE/Item%20Dict/vaccine_04.png") -> sftp://graphic@103.41.58.141/marketing/WarzTH_LE/Item%20Dict/vaccine_04.png | N61: =IFERROR(__xludf.DUMMYFUNCTION("""COMPUTED_VALUE"""),"A cure to the infection that was developed only weeks after the initial signs of the infection. Having had only a few weeks of production before the infected had taken over, supply is very low and demand is extremely high for these valuable vaccines.") -> A cure to the infection that was developed only weeks after the initial signs of the infection. Having had only a few weeks of production before the infected had taken over, supply is very low and demand is extremely high for these valuable vaccines.
A62: =IFERROR(__xludf.DUMMYFUNCTION("""COMPUTED_VALUE"""),TRUE) -> TRUE | B62: =IFERROR(__xludf.DUMMYFUNCTION("""COMPUTED_VALUE"""),"") | C62: =IFERROR(__xludf.DUMMYFUNCTION("""COMPUTED_VALUE"""),101344.0) -> 101344 | D62: =IFERROR(__xludf.DUMMYFUNCTION("""COMPUTED_VALUE"""),"https://cdn.exe.in.th/marketing/WarzTH_LE/Item%20Dict/canoe_paddle.png") -> https://cdn.exe.in.th/marketing/WarzTH_LE/Item%20Dict/canoe_paddle.png | E62: =IFERROR(__xludf.DUMMYFUNCTION("""COMPUTED_VALUE"""),"Canoe Paddle") -> Canoe Paddle | F62: =IFERROR(__xludf.DUMMYFUNCTION("""COMPUTED_VALUE"""),1.5) -> 1.5 | G62: =IFERROR(__xludf.DUMMYFUNCTION("""COMPUTED_VALUE"""),"15 GC") -> 15 GC | H62: =IFERROR(__xludf.DUMMYFUNCTION("""COMPUTED_VALUE"""),"1,500 Dollars") -> 1,500 Dollars | I62: =IFERROR(__xludf.DUMMYFUNCTION("""COMPUTED_VALUE"""),"Weapon") -> Weapon | J62: =IFERROR(__xludf.DUMMYFUNCTION("""COMPUTED_VALUE"""),"No") -> No | L62: =IFERROR(__xludf.DUMMYFUNCTION("""COMPUTED_VALUE"""),"sftp://graphic@103.41.58.141/marketing/WarzTH_LE/Item%20Dict/canoe_paddle.png") -> sftp://graphic@103.41.58.141/marketing/WarzTH_LE/Item%20Dict/canoe_paddle.png | N62: =IFERROR(__xludf.DUMMYFUNCTION("""COMPUTED_VALUE"""),"Wooden canoe paddle") -> Wooden canoe paddle
A63: =IFERROR(__xludf.DUMMYFUNCTION("""COMPUTED_VALUE"""),TRUE) -> TRUE | B63: =IFERROR(__xludf.DUMMYFUNCTION("""COMPUTED_VALUE"""),"") | C63: =IFERROR(__xludf.DUMMYFUNCTION("""COMPUTED_VALUE"""),101292.0) -> 101292 | D63: =IFERROR(__xludf.DUMMYFUNCTION("""COMPUTED_VALUE"""),"https://cdn.exe.in.th/marketing/WarzTH_LE/Item%20Dict/can_of_ham.png") -> https://cdn.exe.in.th/marketing/WarzTH_LE/Item%20Dict/can_of_ham.png | E63: =IFERROR(__xludf.DUMMYFUNCTION("""COMPUTED_VALUE"""),"Can of Ham") -> Can of Ham | F63: =IFERROR(__xludf.DUMMYFUNCTION("""COMPUTED_VALUE"""),1.0) -> 1 | G63: =IFERROR(__xludf.DUMMYFUNCTION("""COMPUTED_VALUE"""),"-") -> - | H63: =IFERROR(__xludf.DUMMYFUNCTION("""COMPUTED_VALUE"""),"1,000 Dollars") -> 1,000 Dollars | I63: =IFERROR(__xludf.DUMMYFUNCTION("""COMPUTED_VALUE"""),"Consumable") -> Consumable | J63: =IFERROR(__xludf.DUMMYFUNCTION("""COMPUTED_VALUE"""),"Yes") -> Yes | L63: =IFERROR(__xludf.DUMMYFUNCTION("""COMPUTED_VALUE"""),"sftp://graphic@103.41.58.141/marketing/WarzTH_LE/Item%20Dict/can_of_ham.png") -> sftp://graphic@103.41.58.141/marketing/WarzTH_LE/Item%20Dict/can_of_ham.png | N63: =IFERROR(__xludf.DUMMYFUNCTION("""COMPUTED_VALUE"""),"Mechanically separated Spiced Ham in a 5-ounce cans. May contain pig parts. Relieves moderate hunger.") -> Mechanically separated Spiced Ham in a 5-ounce cans. May contain pig parts. Relieves moderate hunger.
A64: =IFERROR(__xludf.DUMMYFUNCTION("""COMPUTED_VALUE"""),TRUE) -> TRUE | B64: =IFERROR(__xludf.DUMMYFUNCTION("""COMPUTED_VALUE"""),"") | C64: =IFERROR(__xludf.DUMMYFUNCTION("""COMPUTED_VALUE"""),101290.0) -> 101290 | D64: =IFERROR(__xludf.DUMMYFUNCTION("""COMPUTED_VALUE"""),"https://cdn.exe.in.th/marketing/WarzTH_LE/Item%20Dict/can_of_pasta.png") -> https://cdn.exe.in.th/marketing/WarzTH_LE/Item%20Dict/can_of_pasta.png | E64: =IFERROR(__xludf.DUMMYFUNCTION("""COMPUTED_VALUE"""),"Can of Pasta") -> Can of Pasta | F64: =IFERROR(__xludf.DUMMYFUNCTION("""COMPUTED_VALUE"""),"-") -> - | G64: =IFERROR(__xludf.DUMMYFUNCTION("""COMPUTED_VALUE"""),"-") -> - | H64: =IFERROR(__xludf.DUMMYFUNCTION("""COMPUTED_VALUE"""),"-") -> - | I64: =IFERROR(__xludf.DUMMYFUNCTION("""COMPUTED_VALUE"""),"Consumable") -> Consumable | J64: =IFERROR(__xludf.DUMMYFUNCTION("""COMPUTED_VALUE"""),"Yes") -> Yes | L64: =IFERROR(__xludf.DUMMYFUNCTION("""COMPUTED_VALUE"""),"sftp://graphic@103.41.58.141/marketing/WarzTH_LE/Item%20Dict/can_of_pasta.png") -> sftp://graphic@103.41.58.141/marketing/WarzTH_LE/Item%20Dict/can_of_pasta.png | N64: =IFERROR(__xludf.DUMMYFUNCTION("""COMPUTED_VALUE"""),"A can of delicious Pasta-O's. Fortified with iron and vitamins. Low sugar and low fat. Suitable for Vegetarians. \r\nGluten Free") -> A can of delicious Pasta-O's. Fortified with iron and vitamins. Low sugar and low fat. Suitable for Vegetarians. \r\nGluten Free
A65: =IFERROR(__xludf.DUMMYFUNCTION("""COMPUTED_VALUE"""),TRUE) -> TRUE | B65: =IFERROR(__xludf.DUMMYFUNCTION("""COMPUTED_VALUE"""),"") | C65: =IFERROR(__xludf.DUMMYFUNCTION("""COMPUTED_VALUE"""),101296.0) -> 101296 | D65: =IFERROR(__xludf.DUMMYFUNCTION("""COMPUTED_VALUE"""),"https://cdn.exe.in.th/marketing/WarzTH_LE/Item%20Dict/can_of_soda.png") -> https://cdn.exe.in.th/marketing/WarzTH_LE/Item%20Dict/can_of_soda.png | E65: =IFERROR(__xludf.DUMMYFUNCTION("""COMPUTED_VALUE"""),"Can of soda") -> Can of soda | F65: =IFERROR(__xludf.DUMMYFUNCTION("""COMPUTED_VALUE"""),"-") -> - | G65: =IFERROR(__xludf.DUMMYFUNCTION("""COMPUTED_VALUE"""),"-") -> - | H65: =IFERROR(__xludf.DUMMYFUNCTION("""COMPUTED_VALUE"""),"-") -> - | I65: =IFERROR(__xludf.DUMMYFUNCTION("""COMPUTED_VALUE"""),"Consumable") -> Consumable | J65: =IFERROR(__xludf.DUMMYFUNCTION("""COMPUTED_VALUE"""),"Yes") -> Yes | L65: =IFERROR(__xludf.DUMMYFUNCTION("""COMPUTED_VALUE"""),"sftp://graphic@103.41.58.141/marketing/WarzTH_LE/Item%20Dict/can_of_soda.png") -> sftp://graphic@103.41.58.141/marketing/WarzTH_LE/Item%20Dict/can_of_soda.png | N65: =IFERROR(__xludf.DUMMYFUNCTION("""COMPUTED_VALUE"""),"A carbonated beverage that when consumed quenches moderate thirst.") -> A carbonated beverage that when consumed quenches moderate thirst.
A66: =IFERROR(__xludf.DUMMYFUNCTION("""COMPUTED_VALUE"""),TRUE) -> TRUE | B66: =IFERROR(__xludf.DUMMYFUNCTION("""COMPUTED_VALUE"""),"") | C66: =IFERROR(__xludf.DUMMYFUNCTION("""COMPUTED_VALUE"""),101291.0) -> 101291 | D66: =IFERROR(__xludf.DUMMYFUNCTION("""COMPUTED_VALUE"""),"https://cdn.exe.in.th/marketing/WarzTH_LE/Item%20Dict/can_of_soup.png") -> https://cdn.exe.in.th/marketing/WarzTH_LE/Item%20Dict/can_of_soup.png | E66: =IFERROR(__xludf.DUMMYFUNCTION("""COMPUTED_VALUE"""),"Can of Soup") -> Can of Soup | F66: =IFERROR(__xludf.DUMMYFUNCTION("""COMPUTED_VALUE"""),1.0) -> 1 | G66: =IFERROR(__xludf.DUMMYFUNCTION("""COMPUTED_VALUE"""),"10 GC") -> 10 GC | H66: =IFERROR(__xludf.DUMMYFUNCTION("""COMPUTED_VALUE"""),"1,000 Dollars") -> 1,000 Dollars | I66: =IFERROR(__xludf.DUMMYFUNCTION("""COMPUTED_VALUE"""),"Consumable") -> Consumable | J66: =IFERROR(__xludf.DUMMYFUNCTION("""COMPUTED_VALUE"""),"Yes") -> Yes | L66: =IFERROR(__xludf.DUMMYFUNCTION("""COMPUTED_VALUE"""),"sftp://graphic@103.41.58.141/marketing/WarzTH_LE/Item%20Dict/can_of_soup.png") -> sftp://graphic@103.41.58.141/marketing/WarzTH_LE/Item%20Dict/can_of_soup.png | N66: =IFERROR(__xludf.DUMMYFUNCTION("""COMPUTED_VALUE"""),"A can of creamy tomato soup. No need to add water. Relieves moderate hunger.") -> A can of creamy tomato soup. No need to add water. Relieves moderate hunger.
A67: =IFERROR(__xludf.DUMMYFUNCTION("""COMPUTED_VALUE"""),TRUE) -> TRUE | B67: =IFERROR(__xludf.DUMMYFUNCTION("""COMPUTED_VALUE"""),"") | C67: =IFERROR(__xludf.DUMMYFUNCTION("""COMPUTED_VALUE"""),101293.0) -> 101293 | D67: =IFERROR(__xludf.DUMMYFUNCTION("""COMPUTED_VALUE"""),"https://cdn.exe.in.th/marketing/WarzTH_LE/Item%20Dict/can_of_tuna.png") -> https://cdn.exe.in.th/marketing/WarzTH_LE/Item%20Dict/can_of_tuna.png | E67: =IFERROR(__xludf.DUMMYFUNCTION("""COMPUTED_VALUE"""),"Can of Tuna") -> Can of Tuna | F67: =IFERROR(__xludf.DUMMYFUNCTION("""COMPUTED_VALUE"""),"-") -> - | G67: =IFERROR(__xludf.DUMMYFUNCTION("""COMPUTED_VALUE"""),"-") -> - | H67: =IFERROR(__xludf.DUMMYFUNCTION("""COMPUTED_VALUE"""),"-") -> - | I67: =IFERROR(__xludf.DUMMYFUNCTION("""COMPUTED_VALUE"""),"Consumable") -> Consumable | J67: =IFERROR(__xludf.DUMMYFUNCTION("""COMPUTED_VALUE"""),"Yes") -> Yes | L67: =IFERROR(__xludf.DUMMYFUNCTION("""COMPUTED_VALUE"""),"sftp://graphic@103.41.58.141/marketing/WarzTH_LE/Item%20Dict/can_of_tuna.png") -> sftp://graphic@103.41.58.141/marketing/WarzTH_LE/Item%20Dict/can_of_tuna.png | N67: =IFERROR(__xludf.DUMMYFUNCTION("""COMPUTED_VALUE"""),"Chunk lite savory tuna in water. Firm, flaky, fresh tasting that you can really tear into. Each serving relieves moderate hunger.") -> Chunk lite savory tuna in water. Firm, flaky, fresh tasting that you can really tear into. Each serving relieves moderate hunger.
A68: =IFERROR(__xludf.DUMMYFUNCTION("""COMPUTED_VALUE"""),TRUE) -> TRUE | B68: =IFERROR(__xludf.DUMMYFUNCTION("""COMPUTED_VALUE"""),"") | C68: =IFERROR(__xludf.DUMMYFUNCTION("""COMPUTED_VALUE"""),20199.0) -> 20199 | D68: =IFERROR(__xludf.DUMMYFUNCTION("""COMPUTED_VALUE"""),"https://cdn.exe.in.th/marketing/WarzTH_LE/Item%20Dict/captain_jack_frost.png") -> https://cdn.exe.in.th/marketing/WarzTH_LE/Item%20Dict/captain_jack_frost.png | E68: =IFERROR(__xludf.DUMMYFUNCTION("""COMPUTED_VALUE"""),"Captain Jack Frost") -> Captain Jack Frost | F68: =IFERROR(__xludf.DUMMYFUNCTION("""COMPUTED_VALUE"""),"-") -> - | G68: =IFERROR(__xludf.DUMMYFUNCTION("""COMPUTED_VALUE"""),"-") -> - | H68: =IFERROR(__xludf.DUMMYFUNCTION("""COMPUTED_VALUE"""),"-") -> - | I68: =IFERROR(__xludf.DUMMYFUNCTION("""COMPUTED_VALUE"""),"Equipment") -> Equipment | J68: =IFERROR(__xludf.DUMMYFUNCTION("""COMPUTED_VALUE"""),"No") -> No | L68: =IFERROR(__xludf.DUMMYFUNCTION("""COMPUTED_VALUE"""),"sftp://graphic@103.41.58.141/marketing/WarzTH_LE/Item%20Dict/captain_jack_frost.png") -> sftp://graphic@103.41.58.141/marketing/WarzTH_LE/Item%20Dict/captain_jack_frost.png | N68: =IFERROR(__xludf.DUMMYFUNCTION("""COMPUTED_VALUE"""),"With a corncob pipe and a button nose...") -> With a corncob pipe and a button nose...
A69: =IFERROR(__xludf.DUMMYFUNCTION("""COMPUTED_VALUE"""),TRUE) -> TRUE | B69: =IFERROR(__xludf.DUMMYFUNCTION("""COMPUTED_VALUE"""),"") | C69: =IFERROR(__xludf.DUMMYFUNCTION("""COMPUTED_VALUE"""),101347.0) -> 101347 | D69: =IFERROR(__xludf.DUMMYFUNCTION("""COMPUTED_VALUE"""),"https://cdn.exe.in.th/marketing/WarzTH_LE/Item%20Dict/chainsaw.png") -> https://cdn.exe.in.th/marketing/WarzTH_LE/Item%20Dict/chainsaw.png | E69: =IFERROR(__xludf.DUMMYFUNCTION("""COMPUTED_VALUE"""),"Chainsaw") -> Chainsaw | F69: =IFERROR(__xludf.DUMMYFUNCTION("""COMPUTED_VALUE"""),1.5) -> 1.5 | G69: =IFERROR(__xludf.DUMMYFUNCTION("""COMPUTED_VALUE"""),"15 GC") -> 15 GC | H69: =IFERROR(__xludf.DUMMYFUNCTION("""COMPUTED_VALUE"""),"1,500 Dollars") -> 1,500 Dollars | I69: =IFERROR(__xludf.DUMMYFUNCTION("""COMPUTED_VALUE"""),"Weapon") -> Weapon | J69: =IFERROR(__xludf.DUMMYFUNCTION("""COMPUTED_VALUE"""),"No") -> No | L69: =IFERROR(__xludf.DUMMYFUNCTION("""COMPUTED_VALUE"""),"sftp://graphic@103.41.58.141/marketing/WarzTH_LE/Item%20Dict/chainsaw.png") -> sftp://graphic@103.41.58.141/marketing/WarzTH_LE/Item%20Dict/chainsaw.png | N69: =IFERROR(__xludf.DUMMYFUNCTION("""COMPUTED_VALUE"""),"Tear through undead and living alike with this fearsome household tool") -> Tear through undead and living alike with this fearsome household tool
A70: =IFERROR(__xludf.DUMMYFUNCTION("""COMPUTED_VALUE"""),TRUE) -> TRUE | B70: =IFERROR(__xludf.DUMMYFUNCTION("""COMPUTED_VALUE"""),"") | C70: =IFERROR(__xludf.DUMMYFUNCTION("""COMPUTED_VALUE"""),101288.0) -> 101288 | D70: =IFERROR(__xludf.DUMMYFUNCTION("""COMPUTED_VALUE"""),"https://cdn.exe.in.th/marketing/WarzTH_LE/Item%20Dict/chocolate_bar.png") -> https://cdn.exe.in.th/marketing/WarzTH_LE/Item%20Dict/chocolate_bar.png | E70: =IFERROR(__xludf.DUMMYFUNCTION("""COMPUTED_VALUE"""),"Chocolate Bar") -> Chocolate Bar | F70: =IFERROR(__xludf.DUMMYFUNCTION("""COMPUTED_VALUE"""),"-") -> - | G70: =IFERROR(__xludf.DUMMYFUNCTION("""COMPUTED_VALUE"""),"-") -> - | H70: =IFERROR(__xludf.DUMMYFUNCTION("""COMPUTED_VALUE"""),"-") -> - | I70: =IFERROR(__xludf.DUMMYFUNCTION("""COMPUTED_VALUE"""),"Consumable") -> Consumable | J70: =IFERROR(__xludf.DUMMYFUNCTION("""COMPUTED_VALUE"""),"Yes") -> Yes | L70: =IFERROR(__xludf.DUMMYFUNCTION("""COMPUTED_VALUE"""),"sftp://graphic@103.41.58.141/marketing/WarzTH_LE/Item%20Dict/chocolate_bar.png") -> sftp://graphic@103.41.58.141/marketing/WarzTH_LE/Item%20Dict/chocolate_bar.png | N70: =IFERROR(__xludf.DUMMYFUNCTION("""COMPUTED_VALUE"""),"A milk chocolate candy bar. The finest in gourmet chocolate. Each serving size provides minor sustenance.") -> A milk chocolate candy bar. The finest in gourmet chocolate. Each serving size provides minor sustenance.
A71: =IFERROR(__xludf.DUMMYFUNCTION("""COMPUTED_VALUE"""),TRUE) -> TRUE | B71: =IFERROR(__xludf.DUMMYFUNCTION("""COMPUTED_VALUE"""),"") | C71: =IFERROR(__xludf.DUMMYFUNCTION("""COMPUTED_VALUE"""),20197.0) -> 20197 | D71: =IFERROR(__xludf.DUMMYFUNCTION("""COMPUTED_VALUE"""),"https://cdn.exe.in.th/marketing/WarzTH_LE/Item%20Dict/christmas_special.png") -> https://cdn.exe.in.th/marketing/WarzTH_LE/Item%20Dict/christmas_special.png | E71: =IFERROR(__xludf.DUMMYFUNCTION("""COMPUTED_VALUE"""),"Christmas Special") -> Christmas Special | F71: =IFERROR(__xludf.DUMMYFUNCTION("""COMPUTED_VALUE"""),"-") -> - | G71: =IFERROR(__xludf.DUMMYFUNCTION("""COMPUTED_VALUE"""),"-") -> - | H71: =IFERROR(__xludf.DUMMYFUNCTION("""COMPUTED_VALUE"""),"-") -> - | I71: =IFERROR(__xludf.DUMMYFUNCTION("""COMPUTED_VALUE"""),"Equipment") -> Equipment | J71: =IFERROR(__xludf.DUMMYFUNCTION("""COMPUTED_VALUE"""),"No") -> No | L71: =IFERROR(__xludf.DUMMYFUNCTION("""COMPUTED_VALUE"""),"sftp://graphic@103.41.58.141/marketing/WarzTH_LE/Item%20Dict/christmas_special.png") -> sftp://graphic@103.41.58.141/marketing/WarzTH_LE/Item%20Dict/christmas_special.png | N71: =IFERROR(__xludf.DUMMYFUNCTION("""COMPUTED_VALUE"""),"A yule tide treat") -> A yule tide treat
A72: =IFERROR(__xludf.DUMMYFUNCTION("""COMPUTED_VALUE"""),TRUE) -> TRUE | B72: =IFERROR(__xludf.DUMMYFUNCTION("""COMPUTED_VALUE"""),"") | C72: =IFERROR(__xludf.DUMMYFUNCTION("""COMPUTED_VALUE"""),20033.0) -> 20033 | D72: =IFERROR(__xludf.DUMMYFUNCTION("""COMPUTED_VALUE"""),"https://cdn.exe.in.th/marketing/WarzTH_LE/Item%20Dict/clown_mask.png") -> https://cdn.exe.in.th/marketing/WarzTH_LE/Item%20Dict/clown_mask.png | E72: =IFERROR(__xludf.DUMMYFUNCTION("""COMPUTED_VALUE"""),"Clown Mask") -> Clown Mask | F72: =IFERROR(__xludf.DUMMYFUNCTION("""COMPUTED_VALUE"""),1.0) -> 1 | G72: =IFERROR(__xludf.DUMMYFUNCTION("""COMPUTED_VALUE"""),"-") -> - | H72: =IFERROR(__xludf.DUMMYFUNCTION("""COMPUTED_VALUE"""),"1,000 Dollars") -> 1,000 Dollars | I72: =IFERROR(__xludf.DUMMYFUNCTION("""COMPUTED_VALUE"""),"Equipment") -> Equipment | J72: =IFERROR(__xludf.DUMMYFUNCTION("""COMPUTED_VALUE"""),"No") -> No | L72: =IFERROR(__xludf.DUMMYFUNCTION("""COMPUTED_VALUE"""),"sftp://graphic@103.41.58.141/marketing/WarzTH_LE/Item%20Dict/clown_mask.png") -> sftp://graphic@103.41.58.141/marketing/WarzTH_LE/Item%20Dict/clown_mask.png | N72: =IFERROR(__xludf.DUMMYFUNCTION("""COMPUTED_VALUE"""),"For all of you Jokers out there, we bring you the Clown Mask.") -> For all of you Jokers out there, we bring you the Clown Mask.
A73: =IFERROR(__xludf.DUMMYFUNCTION("""COMPUTED_VALUE"""),TRUE) -> TRUE | B73: =IFERROR(__xludf.DUMMYFUNCTION("""COMPUTED_VALUE"""),"") | C73: =IFERROR(__xludf.DUMMYFUNCTION("""COMPUTED_VALUE"""),101286.0) -> 101286 | D73: =IFERROR(__xludf.DUMMYFUNCTION("""COMPUTED_VALUE"""),"https://cdn.exe.in.th/marketing/WarzTH_LE/Item%20Dict/coconut_water.png") -> https://cdn.exe.in.th/marketing/WarzTH_LE/Item%20Dict/coconut_water.png | E73: =IFERROR(__xludf.DUMMYFUNCTION("""COMPUTED_VALUE"""),"Coconut Water") -> Coconut Water | F73: =IFERROR(__xludf.DUMMYFUNCTION("""COMPUTED_VALUE"""),0.2) -> 0.2 | G73: =IFERROR(__xludf.DUMMYFUNCTION("""COMPUTED_VALUE"""),"2 GC") -> 2 GC | H73: =IFERROR(__xludf.DUMMYFUNCTION("""COMPUTED_VALUE"""),"200 Dollars") -> 200 Dollars | I73: =IFERROR(__xludf.DUMMYFUNCTION("""COMPUTED_VALUE"""),"Consumable") -> Consumable | J73: =IFERROR(__xludf.DUMMYFUNCTION("""COMPUTED_VALUE"""),"Yes") -> Yes | L73: =IFERROR(__xludf.DUMMYFUNCTION("""COMPUTED_VALUE"""),"sftp://graphic@103.41.58.141/marketing/WarzTH_LE/Item%20Dict/coconut_water.png") -> sftp://graphic@103.41.58.141/marketing/WarzTH_LE/Item%20Dict/coconut_water.png | N73: =IFERROR(__xludf.DUMMYFUNCTION("""COMPUTED_VALUE"""),"A bottle of delicious coconut water that when consumed quenches moderate thirst.") -> A bottle of delicious coconut water that when consumed quenches moderate thirst.
A74: =IFERROR(__xludf.DUMMYFUNCTION("""COMPUTED_VALUE"""),TRUE) -> TRUE | B74: =IFERROR(__xludf.DUMMYFUNCTION("""COMPUTED_VALUE"""),"") | C74: =IFERROR(__xludf.DUMMYFUNCTION("""COMPUTED_VALUE"""),101331.0) -> 101331 | D74: =IFERROR(__xludf.DUMMYFUNCTION("""COMPUTED_VALUE"""),"https://cdn.exe.in.th/marketing/WarzTH_LE/Item%20Dict/colt_anaconda.png") -> https://cdn.exe.in.th/marketing/WarzTH_LE/Item%20Dict/colt_anaconda.png | E74: =IFERROR(__xludf.DUMMYFUNCTION("""COMPUTED_VALUE"""),"Colt Anaconda") -> Colt Anaconda | F74: =IFERROR(__xludf.DUMMYFUNCTION("""COMPUTED_VALUE"""),0.5) -> 0.5 | G74: =IFERROR(__xludf.DUMMYFUNCTION("""COMPUTED_VALUE"""),"-") -> - | H74: =IFERROR(__xludf.DUMMYFUNCTION("""COMPUTED_VALUE"""),"-") -> - | I74: =IFERROR(__xludf.DUMMYFUNCTION("""COMPUTED_VALUE"""),"Weapon") -> Weapon | J74: =IFERROR(__xludf.DUMMYFUNCTION("""COMPUTED_VALUE"""),"No") -> No | K74: =IFERROR(__xludf.DUMMYFUNCTION("""COMPUTED_VALUE"""),"C") -> C | L74: =IFERROR(__xludf.DUMMYFUNCTION("""COMPUTED_VALUE"""),"sftp://graphic@103.41.58.141/marketing/WarzTH_LE/Item%20Dict/colt_anaconda.png") -> sftp://graphic@103.41.58.141/marketing/WarzTH_LE/Item%20Dict/colt_anaconda.png | N74: =IFERROR(__xludf.DUMMYFUNCTION("""COMPUTED_VALUE"""),"Introduced in 1990, the Colt Anaconda is a large double action .44 caliber revolver featuring a six round cylinder, designed and produced by the Colt's Manufacturing Company") -> Introduced in 1990, the Colt Anaconda is a large double action .44 caliber revolver featuring a six round cylinder, designed and produced by the Colt's Manufacturing Company
A75: =IFERROR(__xludf.DUMMYFUNCTION("""COMPUTED_VALUE"""),TRUE) -> TRUE | B75: =IFERROR(__xludf.DUMMYFUNCTION("""COMPUTED_VALUE"""),"") | C75: =IFERROR(__xludf.DUMMYFUNCTION("""COMPUTED_VALUE"""),400019.0) -> 400019 | D75: =IFERROR(__xludf.DUMMYFUNCTION("""COMPUTED_VALUE"""),"https://cdn.exe.in.th/marketing/WarzTH_LE/Item%20Dict/compact_scope.png") -> https://cdn.exe.in.th/marketing/WarzTH_LE/Item%20Dict/compact_scope.png | E75: =IFERROR(__xludf.DUMMYFUNCTION("""COMPUTED_VALUE"""),"Compact Scope") -> Compact Scope | F75: =IFERROR(__xludf.DUMMYFUNCTION("""COMPUTED_VALUE"""),5.0) -> 5 | G75: =IFERROR(__xludf.DUMMYFUNCTION("""COMPUTED_VALUE"""),"-") -> - | H75: =IFERROR(__xludf.DUMMYFUNCTION("""COMPUTED_VALUE"""),"5,000 Dollars") -> 5,000 Dollars | I75: =IFERROR(__xludf.DUMMYFUNCTION("""COMPUTED_VALUE"""),"Attachment") -> Attachment | J75: =IFERROR(__xludf.DUMMYFUNCTION("""COMPUTED_VALUE"""),"No") -> No | L75: =IFERROR(__xludf.DUMMYFUNCTION("""COMPUTED_VALUE"""),"sftp://graphic@103.41.58.141/marketing/WarzTH_LE/Item%20Dict/compact_scope.png") -> sftp://graphic@103.41.58.141/marketing/WarzTH_LE/Item%20Dict/compact_scope.png | N75: =IFERROR(__xludf.DUMMYFUNCTION("""COMPUTED_VALUE"""),"The Swiss Compact Sight is a rail mounted scope used to extend a shooters accuracy at close and medium ranges.") -> The Swiss Compact Sight is a rail mounted scope used to extend a shooters accuracy at close and medium ranges.
A76: =IFERROR(__xludf.DUMMYFUNCTION("""COMPUTED_VALUE"""),TRUE) -> TRUE | B76: =IFERROR(__xludf.DUMMYFUNCTION("""COMPUTED_VALUE"""),"") | C76: =IFERROR(__xludf.DUMMYFUNCTION("""COMPUTED_VALUE"""),101322.0) -> 101322 | D76: =IFERROR(__xludf.DUMMYFUNCTION("""COMPUTED_VALUE"""),"https://cdn.exe.in.th/marketing/WarzTH_LE/Item%20Dict/compound_crossbow.png") -> https://cdn.exe.in.th/marketing/WarzTH_LE/Item%20Dict/compound_crossbow.png | E76: =IFERROR(__xludf.DUMMYFUNCTION("""COMPUTED_VALUE"""),"Compound Crossbow") -> Compound Crossbow | F76: =IFERROR(__xludf.DUMMYFUNCTION("""COMPUTED_VALUE"""),0.5) -> 0.5 | G76: =IFERROR(__xludf.DUMMYFUNCTION("""COMPUTED_VALUE"""),"-") -> - | H76: =IFERROR(__xludf.DUMMYFUNCTION("""COMPUTED_VALUE"""),"-") -> - | I76: =IFERROR(__xludf.DUMMYFUNCTION("""COMPUTED_VALUE"""),"Weapon") -> Weapon | J76: =IFERROR(__xludf.DUMMYFUNCTION("""COMPUTED_VALUE"""),"No") -> No | K76: =IFERROR(__xludf.DUMMYFUNCTION("""COMPUTED_VALUE"""),"C") -> C | L76: =IFERROR(__xludf.DUMMYFUNCTION("""COMPUTED_VALUE"""),"sftp://graphic@103.41.58.141/marketing/WarzTH_LE/Item%20Dict/compound_crossbow.png") -> sftp://graphic@103.41.58.141/marketing/WarzTH_LE/Item%20Dict/compound_crossbow.png | N76: =IFERROR(__xludf.DUMMYFUNCTION("""COMPUTED_VALUE"""),"String drawn compound hunting crossbow for silent kills. Uses bow arrows for ammo") -> String drawn compound hunting crossbow for silent kills. Uses bow arrows for ammo
A77: =IFERROR(__xludf.DUMMYFUNCTION("""COMPUTED_VALUE"""),TRUE) -> TRUE | B77: =IFERROR(__xludf.DUMMYFUNCTION("""COMPUTED_VALUE"""),"") | C77: =IFERROR(__xludf.DUMMYFUNCTION("""COMPUTED_VALUE"""),101345.0) -> 101345 | D77: =IFERROR(__xludf.DUMMYFUNCTION("""COMPUTED_VALUE"""),"https://cdn.exe.in.th/marketing/WarzTH_LE/Item%20Dict/cricket_bat.png") -> https://cdn.exe.in.th/marketing/WarzTH_LE/Item%20Dict/cricket_bat.png | E77: =IFERROR(__xludf.DUMMYFUNCTION("""COMPUTED_VALUE"""),"Cricket bat") -> Cricket bat | F77: =IFERROR(__xludf.DUMMYFUNCTION("""COMPUTED_VALUE"""),1.5) -> 1.5 | G77: =IFERROR(__xludf.DUMMYFUNCTION("""COMPUTED_VALUE"""),"15 GC") -> 15 GC | H77: =IFERROR(__xludf.DUMMYFUNCTION("""COMPUTED_VALUE"""),"1,500 Dollars") -> 1,500 Dollars | I77: =IFERROR(__xludf.DUMMYFUNCTION("""COMPUTED_VALUE"""),"Weapon") -> Weapon | J77: =IFERROR(__xludf.DUMMYFUNCTION("""COMPUTED_VALUE"""),"No") -> No | L77: =IFERROR(__xludf.DUMMYFUNCTION("""COMPUTED_VALUE"""),"sftp://graphic@103.41.58.141/marketing/WarzTH_LE/Item%20Dict/cricket_bat.png") -> sftp://graphic@103.41.58.141/marketing/WarzTH_LE/Item%20Dict/cricket_bat.png | N77: =IFERROR(__xludf.DUMMYFUNCTION("""COMPUTED_VALUE"""),"Score some runs and crush some skulls!") -> Score some runs and crush some skulls!
A78: =IFERROR(__xludf.DUMMYFUNCTION("""COMPUTED_VALUE"""),TRUE) -> TRUE | B78: =IFERROR(__xludf.DUMMYFUNCTION("""COMPUTED_VALUE"""),"") | C78: =IFERROR(__xludf.DUMMYFUNCTION("""COMPUTED_VALUE"""),101382.0) -> 101382 | D78: =IFERROR(__xludf.DUMMYFUNCTION("""COMPUTED_VALUE"""),"https://cdn.exe.in.th/marketing/WarzTH_LE/Item%20Dict/crowbar.png") -> https://cdn.exe.in.th/marketing/WarzTH_LE/Item%20Dict/crowbar.png | E78: =IFERROR(__xludf.DUMMYFUNCTION("""COMPUTED_VALUE"""),"Crowbar") -> Crowbar | F78: =IFERROR(__xludf.DUMMYFUNCTION("""COMPUTED_VALUE"""),1.5) -> 1.5 | G78: =IFERROR(__xludf.DUMMYFUNCTION("""COMPUTED_VALUE"""),"15 GC") -> 15 GC | H78: =IFERROR(__xludf.DUMMYFUNCTION("""COMPUTED_VALUE"""),"1,500 Dollars") -> 1,500 Dollars | I78: =IFERROR(__xludf.DUMMYFUNCTION("""COMPUTED_VALUE"""),"Weapon") -> Weapon | J78: =IFERROR(__xludf.DUMMYFUNCTION("""COMPUTED_VALUE"""),"No") -> No | L78: =IFERROR(__xludf.DUMMYFUNCTION("""COMPUTED_VALUE"""),"sftp://graphic@103.41.58.141/marketing/WarzTH_LE/Item%20Dict/crowbar.png") -> sftp://graphic@103.41.58.141/marketing/WarzTH_LE/Item%20Dict/crowbar.png | N78: =IFERROR(__xludf.DUMMYFUNCTION("""COMPUTED_VALUE"""),"A multi use household tool, useful for construction or surviving an apocalyptic event") -> A multi use household tool, useful for construction or surviving an apocalyptic event
A79: =IFERROR(__xludf.DUMMYFUNCTION("""COMPUTED_VALUE"""),TRUE) -> TRUE | B79: =IFERROR(__xludf.DUMMYFUNCTION("""COMPUTED_VALUE"""),"") | C79: =IFERROR(__xludf.DUMMYFUNCTION("""COMPUTED_VALUE"""),20015.0) -> 20015 | D79: =IFERROR(__xludf.DUMMYFUNCTION("""COMPUTED_VALUE"""),"https://cdn.exe.in.th/marketing/WarzTH_LE/Item%20Dict/custom_guerilla.png") -> https://cdn.exe.in.th/marketing/WarzTH_LE/Item%20Dict/custom_guerilla.png | E79: =IFERROR(__xludf.DUMMYFUNCTION("""COMPUTED_VALUE"""),"Custom Guerilla") -> Custom Guerilla | F79: =IFERROR(__xludf.DUMMYFUNCTION("""COMPUTED_VALUE"""),1.5) -> 1.5 | G79: =IFERROR(__xludf.DUMMYFUNCTION("""COMPUTED_VALUE"""),"15 GC") -> 15 GC | H79: =IFERROR(__xludf.DUMMYFUNCTION("""COMPUTED_VALUE"""),"2,500 Dollars") -> 2,500 Dollars | I79: =IFERROR(__xludf.DUMMYFUNCTION("""COMPUTED_VALUE"""),"Equipment") -> Equipment | J79: =IFERROR(__xludf.DUMMYFUNCTION("""COMPUTED_VALUE"""),"No") -> No | L79: =IFERROR(__xludf.DUMMYFUNCTION("""COMPUTED_VALUE"""),"sftp://graphic@103.41.58.141/marketing/WarzTH_LE/Item%20Dict/custom_guerilla.png") -> sftp://graphic@103.41.58.141/marketing/WarzTH_LE/Item%20Dict/custom_guerilla.png | N79: =IFERROR(__xludf.DUMMYFUNCTION("""COMPUTED_VALUE"""),"Custom designed guerilla field gear and body armor that allows for decent protection under fast moving conditions. Level 2 Protection") -> Custom designed guerilla field gear and body armor that allows for decent protection under fast moving conditions. Level 2 Protection
A80: =IFERROR(__xludf.DUMMYFUNCTION("""COMPUTED_VALUE"""),TRUE) -> TRUE | B80: =IFERROR(__xludf.DUMMYFUNCTION("""COMPUTED_VALUE"""),"") | C80: =IFERROR(__xludf.DUMMYFUNCTION("""COMPUTED_VALUE"""),400049.0) -> 400049 | D80: =IFERROR(__xludf.DUMMYFUNCTION("""COMPUTED_VALUE"""),"https://cdn.exe.in.th/marketing/WarzTH_LE/Item%20Dict/evo_3_ammo.png") -> https://cdn.exe.in.th/marketing/WarzTH_LE/Item%20Dict/evo_3_ammo.png | E80: =IFERROR(__xludf.DUMMYFUNCTION("""COMPUTED_VALUE"""),"CZ Scorpion EVO-3 ammo") -> CZ Scorpion EVO-3 ammo | F80: =IFERROR(__xludf.DUMMYFUNCTION("""COMPUTED_VALUE"""),2.5) -> 2.5 | G80: =IFERROR(__xludf.DUMMYFUNCTION("""COMPUTED_VALUE"""),"-") -> - | H80: =IFERROR(__xludf.DUMMYFUNCTION("""COMPUTED_VALUE"""),"2,000 Dollars") -> 2,000 Dollars | I80: =IFERROR(__xludf.DUMMYFUNCTION("""COMPUTED_VALUE"""),"Ammo") -> Ammo | J80: =IFERROR(__xludf.DUMMYFUNCTION("""COMPUTED_VALUE"""),"Yes") -> Yes | L80: =IFERROR(__xludf.DUMMYFUNCTION("""COMPUTED_VALUE"""),"sftp://graphic@103.41.58.141/marketing/WarzTH_LE/Item%20Dict/evo_3_ammo.png") -> sftp://graphic@103.41.58.141/marketing/WarzTH_LE/Item%20Dict/evo_3_ammo.png | N80: =IFERROR(__xludf.DUMMYFUNCTION("""COMPUTED_VALUE"""),"30 rounds of 9x19mm ammo for the CZ Scorpion EVO-3 submachine gun") -> 30 rounds of 9x19mm ammo for the CZ Scorpion EVO-3 submachine gun
A81: =IFERROR(__xludf.DUMMYFUNCTION("""COMPUTED_VALUE"""),TRUE) -> TRUE | B81: =IFERROR(__xludf.DUMMYFUNCTION("""COMPUTED_VALUE"""),"") | C81: =IFERROR(__xludf.DUMMYFUNCTION("""COMPUTED_VALUE"""),101180.0) -> 101180 | D81: =IFERROR(__xludf.DUMMYFUNCTION("""COMPUTED_VALUE"""),"https://cdn.exe.in.th/marketing/WarzTH_LE/Item%20Dict/desert_eagle.png") -> https://cdn.exe.in.th/marketing/WarzTH_LE/Item%20Dict/desert_eagle.png | E81: =IFERROR(__xludf.DUMMYFUNCTION("""COMPUTED_VALUE"""),"Desert Eagle") -> Desert Eagle | F81: =IFERROR(__xludf.DUMMYFUNCTION("""COMPUTED_VALUE"""),1.0) -> 1 | G81: =IFERROR(__xludf.DUMMYFUNCTION("""COMPUTED_VALUE"""),"-") -> - | H81: =IFERROR(__xludf.DUMMYFUNCTION("""COMPUTED_VALUE"""),"-") -> - | I81: =IFERROR(__xludf.DUMMYFUNCTION("""COMPUTED_VALUE"""),"Weapon") -> Weapon | J81: =IFERROR(__xludf.DUMMYFUNCTION("""COMPUTED_VALUE"""),"No") -> No | K81: =IFERROR(__xludf.DUMMYFUNCTION("""COMPUTED_VALUE"""),"C") -> C | L81: =IFERROR(__xludf.DUMMYFUNCTION("""COMPUTED_VALUE"""),"sftp://graphic@103.41.58.141/marketing/WarzTH_LE/Item%20Dict/desert_eagle.png") -> sftp://graphic@103.41.58.141/marketing/WarzTH_LE/Item%20Dict/desert_eagle.png | N81: =IFERROR(__xludf.DUMMYFUNCTION("""COMPUTED_VALUE"""),"The Desert Eagle handgun was designed to fire a .50 caliber round and deals a substancial amount of damage to targets at close ranges.") -> The Desert Eagle handgun was designed to fire a .50 caliber round and deals a substancial amount of damage to targets at close ranges.
A82: =IFERROR(__xludf.DUMMYFUNCTION("""COMPUTED_VALUE"""),TRUE) -> TRUE | B82: =IFERROR(__xludf.DUMMYFUNCTION("""COMPUTED_VALUE"""),"") | C82: =IFERROR(__xludf.DUMMYFUNCTION("""COMPUTED_VALUE"""),400086.0) -> 400086 | D82: =IFERROR(__xludf.DUMMYFUNCTION("""COMPUTED_VALUE"""),"https://cdn.exe.in.th/marketing/WarzTH_LE/Item%20Dict/desert_eagle_ammo.png") -> https://cdn.exe.in.th/marketing/WarzTH_LE/Item%20Dict/desert_eagle_ammo.png | E82: =IFERROR(__xludf.DUMMYFUNCTION("""COMPUTED_VALUE"""),"Desert Eagle ammo") -> Desert Eagle ammo | F82: =IFERROR(__xludf.DUMMYFUNCTION("""COMPUTED_VALUE"""),1.0) -> 1 | G82: =IFERROR(__xludf.DUMMYFUNCTION("""COMPUTED_VALUE"""),"10 GC") -> 10 GC | H82: =IFERROR(__xludf.DUMMYFUNCTION("""COMPUTED_VALUE"""),"1,000 Dollars") -> 1,000 Dollars | I82: =IFERROR(__xludf.DUMMYFUNCTION("""COMPUTED_VALUE"""),"Ammo") -> Ammo | J82: =IFERROR(__xludf.DUMMYFUNCTION("""COMPUTED_VALUE"""),"Yes") -> Yes | L82: =IFERROR(__xludf.DUMMYFUNCTION("""COMPUTED_VALUE"""),"sftp://graphic@103.41.58.141/marketing/WarzTH_LE/Item%20Dict/desert_eagle_ammo.png") -> sftp://graphic@103.41.58.141/marketing/WarzTH_LE/Item%20Dict/desert_eagle_ammo.png | N82: =IFERROR(__xludf.DUMMYFUNCTION("""COMPUTED_VALUE"""),".50 Action Express 7 round magazine for Desert Eagle handgun.") -> .50 Action Express 7 round magazine for Desert Eagle handgun.
A83: =IFERROR(__xludf.DUMMYFUNCTION("""COMPUTED_VALUE"""),TRUE) -> TRUE | B83: =IFERROR(__xludf.DUMMYFUNCTION("""COMPUTED_VALUE"""),"") | C83: =IFERROR(__xludf.DUMMYFUNCTION("""COMPUTED_VALUE"""),0.0) -> 0 | D83: =IFERROR(__xludf.DUMMYFUNCTION("""COMPUTED_VALUE"""),"https://cdn.exe.in.th/marketing/WarzTH_LE/Item%20Dict/dollars.png") -> https://cdn.exe.in.th/marketing/WarzTH_LE/Item%20Dict/dollars.png | E83: =IFERROR(__xludf.DUMMYFUNCTION("""COMPUTED_VALUE"""),"Dollars") -> Dollars | I83: =IFERROR(__xludf.DUMMYFUNCTION("""COMPUTED_VALUE"""),"Game Currency") -> Game Currency | J83: =IFERROR(__xludf.DUMMYFUNCTION("""COMPUTED_VALUE"""),"Yes") -> Yes | L83: =IFERROR(__xludf.DUMMYFUNCTION("""COMPUTED_VALUE"""),"sftp://graphic@103.41.58.141/marketing/WarzTH_LE/Item%20Dict/dollars.png") -> sftp://graphic@103.41.58.141/marketing/WarzTH_LE/Item%20Dict/dollars.png
A84: =IFERROR(__xludf.DUMMYFUNCTION("""COMPUTED_VALUE"""),TRUE) -> TRUE | B84: =IFERROR(__xludf.DUMMYFUNCTION("""COMPUTED_VALUE"""),"") | C84: =IFERROR(__xludf.DUMMYFUNCTION("""COMPUTED_VALUE"""),101321.0) -> 101321 | D84: =IFERROR(__xludf.DUMMYFUNCTION("""COMPUTED_VALUE"""),"https://cdn.exe.in.th/marketing/WarzTH_LE/Item%20Dict/double_barrel.png") -> https://cdn.exe.in.th/marketing/WarzTH_LE/Item%20Dict/double_barrel.png | E84: =IFERROR(__xludf.DUMMYFUNCTION("""COMPUTED_VALUE"""),"Double Barrel") -> Double Barrel | F84: =IFERROR(__xludf.DUMMYFUNCTION("""COMPUTED_VALUE"""),0.5) -> 0.5 | G84: =IFERROR(__xludf.DUMMYFUNCTION("""COMPUTED_VALUE"""),"-") -> - | H84: =IFERROR(__xludf.DUMMYFUNCTION("""COMPUTED_VALUE"""),"-") -> - | I84: =IFERROR(__xludf.DUMMYFUNCTION("""COMPUTED_VALUE"""),"Weapon") -> Weapon | J84: =IFERROR(__xludf.DUMMYFUNCTION("""COMPUTED_VALUE"""),"No") -> No | K84: =IFERROR(__xludf.DUMMYFUNCTION("""COMPUTED_VALUE"""),"C") -> C | L84: =IFERROR(__xludf.DUMMYFUNCTION("""COMPUTED_VALUE"""),"sftp://graphic@103.41.58.141/marketing/WarzTH_LE/Item%20Dict/double_barrel.png") -> sftp://graphic@103.41.58.141/marketing/WarzTH_LE/Item%20Dict/double_barrel.png | N84: =IFERROR(__xludf.DUMMYFUNCTION("""COMPUTED_VALUE"""),"Also known as Doubles or Broomsticks, this powerful shotgun allows two shots to be fired in quick succession before reloading") -> Also known as Doubles or Broomsticks, this powerful shotgun allows two shots to be fired in quick succession before reloading
A85: =IFERROR(__xludf.DUMMYFUNCTION("""COMPUTED_VALUE"""),TRUE) -> TRUE | B85: =IFERROR(__xludf.DUMMYFUNCTION("""COMPUTED_VALUE"""),"") | C85: =IFERROR(__xludf.DUMMYFUNCTION("""COMPUTED_VALUE"""),101295.0) -> 101295 | D85: =IFERROR(__xludf.DUMMYFUNCTION("""COMPUTED_VALUE"""),"https://cdn.exe.in.th/marketing/WarzTH_LE/Item%20Dict/electro_aid.png") -> https://cdn.exe.in.th/marketing/WarzTH_LE/Item%20Dict/electro_aid.png | E85: =IFERROR(__xludf.DUMMYFUNCTION("""COMPUTED_VALUE"""),"Electro-AID") -> Electro-AID | F85: =IFERROR(__xludf.DUMMYFUNCTION("""COMPUTED_VALUE"""),2.5) -> 2.5 | G85: =IFERROR(__xludf.DUMMYFUNCTION("""COMPUTED_VALUE"""),"-") -> - | H85: =IFERROR(__xludf.DUMMYFUNCTION("""COMPUTED_VALUE"""),"2,000 Dollars") -> 2,000 Dollars | I85: =IFERROR(__xludf.DUMMYFUNCTION("""COMPUTED_VALUE"""),"Consumable") -> Consumable | J85: =IFERROR(__xludf.DUMMYFUNCTION("""COMPUTED_VALUE"""),"Yes") -> Yes | L85: =IFERROR(__xludf.DUMMYFUNCTION("""COMPUTED_VALUE"""),"sftp://graphic@103.41.58.141/marketing/WarzTH_LE/Item%20Dict/electro_aid.png") -> sftp://graphic@103.41.58.141/marketing/WarzTH_LE/Item%20Dict/electro_aid.png | N85: =IFERROR(__xludf.DUMMYFUNCTION("""COMPUTED_VALUE"""),"A flavored drink with electrolytes that when consumed quenches moderate thirst.") -> A flavored drink with electrolytes that when consumed quenches moderate thirst.
A86: =IFERROR(__xludf.DUMMYFUNCTION("""COMPUTED_VALUE"""),TRUE) -> TRUE | B86: =IFERROR(__xludf.DUMMYFUNCTION("""COMPUTED_VALUE"""),"") | C86: =IFERROR(__xludf.DUMMYFUNCTION("""COMPUTED_VALUE"""),101294.0) -> 101294 | D86: =IFERROR(__xludf.DUMMYFUNCTION("""COMPUTED_VALUE"""),"https://cdn.exe.in.th/marketing/WarzTH_LE/Item%20Dict/energy_drink.png") -> https://cdn.exe.in.th/marketing/WarzTH_LE/Item%20Dict/energy_drink.png | E86: =IFERROR(__xludf.DUMMYFUNCTION("""COMPUTED_VALUE"""),"Energy drink") -> Energy drink | F86: =IFERROR(__xludf.DUMMYFUNCTION("""COMPUTED_VALUE"""),1.0) -> 1 | G86: =IFERROR(__xludf.DUMMYFUNCTION("""COMPUTED_VALUE"""),"-") -> - | H86: =IFERROR(__xludf.DUMMYFUNCTION("""COMPUTED_VALUE"""),"700 Dollars") -> 700 Dollars | I86: =IFERROR(__xludf.DUMMYFUNCTION("""COMPUTED_VALUE"""),"Consumable") -> Consumable | J86: =IFERROR(__xludf.DUMMYFUNCTION("""COMPUTED_VALUE"""),"Yes") -> Yes | L86: =IFERROR(__xludf.DUMMYFUNCTION("""COMPUTED_VALUE"""),"sftp://graphic@103.41.58.141/marketing/WarzTH_LE/Item%20Dict/energy_drink.png") -> sftp://graphic@103.41.58.141/marketing/WarzTH_LE/Item%20Dict/energy_drink.png | N86: =IFERROR(__xludf.DUMMYFUNCTION("""COMPUTED_VALUE"""),"A caffeine jump-start that when consumed quenches moderate thirst.") -> A caffeine jump-start that when consumed quenches moderate thirst.
A87: =IFERROR(__xludf.DUMMYFUNCTION("""COMPUTED_VALUE"""),TRUE) -> TRUE | B87: =IFERROR(__xludf.DUMMYFUNCTION("""COMPUTED_VALUE"""),"") | C87: =IFERROR(__xludf.DUMMYFUNCTION("""COMPUTED_VALUE"""),101108.0) -> 101108 | D87: =IFERROR(__xludf.DUMMYFUNCTION("""COMPUTED_VALUE"""),"https://cdn.exe.in.th/marketing/WarzTH_LE/Item%20Dict/evo-3.png") -> https://cdn.exe.in.th/marketing/WarzTH_LE/Item%20Dict/evo-3.png | E87: =IFERROR(__xludf.DUMMYFUNCTION("""COMPUTED_VALUE"""),"EVO-3") -> EVO-3 | F87: =IFERROR(__xludf.DUMMYFUNCTION("""COMPUTED_VALUE"""),2.0) -> 2 | G87: =IFERROR(__xludf.DUMMYFUNCTION("""COMPUTED_VALUE"""),"-") -> - | H87: =IFERROR(__xludf.DUMMYFUNCTION("""COMPUTED_VALUE"""),"-") -> - | I87: =IFERROR(__xludf.DUMMYFUNCTION("""COMPUTED_VALUE"""),"Weapon") -> Weapon | J87: =IFERROR(__xludf.DUMMYFUNCTION("""COMPUTED_VALUE"""),"No") -> No | K87: =IFERROR(__xludf.DUMMYFUNCTION("""COMPUTED_VALUE"""),"C") -> C | L87: =IFERROR(__xludf.DUMMYFUNCTION("""COMPUTED_VALUE"""),"sftp://graphic@103.41.58.141/marketing/WarzTH_LE/Item%20Dict/evo-3.png") -> sftp://graphic@103.41.58.141/marketing/WarzTH_LE/Item%20Dict/evo-3.png | N87: =IFERROR(__xludf.DUMMYFUNCTION("""COMPUTED_VALUE"""),"The EVO-3 submachine gun was designed to effectively fire 9 mm rounds from a 25 round magazine at close ranged targets at a very high rate of fire..") -> The EVO-3 submachine gun was designed to effectively fire 9 mm rounds from a 25 round magazine at close ranged targets at a very high rate of fire..
A88: =IFERROR(__xludf.DUMMYFUNCTION("""COMPUTED_VALUE"""),TRUE) -> TRUE | B88: =IFERROR(__xludf.DUMMYFUNCTION("""COMPUTED_VALUE"""),"") | C88: =IFERROR(__xludf.DUMMYFUNCTION("""COMPUTED_VALUE"""),20182.0) -> 20182 | D88: =IFERROR(__xludf.DUMMYFUNCTION("""COMPUTED_VALUE"""),"https://cdn.exe.in.th/marketing/WarzTH_LE/Item%20Dict/ex_cage_fighter.png") -> https://cdn.exe.in.th/marketing/WarzTH_LE/Item%20Dict/ex_cage_fighter.png | E88: =IFERROR(__xludf.DUMMYFUNCTION("""COMPUTED_VALUE"""),"Ex cage fighter") -> Ex cage fighter | F88: =IFERROR(__xludf.DUMMYFUNCTION("""COMPUTED_VALUE"""),90.0) -> 90 | G88: =IFERROR(__xludf.DUMMYFUNCTION("""COMPUTED_VALUE"""),"900 GC") -> 900 GC | H88: =IFERROR(__xludf.DUMMYFUNCTION("""COMPUTED_VALUE"""),"72,000 Dollars") -> 72,000 Dollars | I88: =IFERROR(__xludf.DUMMYFUNCTION("""COMPUTED_VALUE"""),"Character") -> Character | J88: =IFERROR(__xludf.DUMMYFUNCTION("""COMPUTED_VALUE"""),"No") -> No | L88: =IFERROR(__xludf.DUMMYFUNCTION("""COMPUTED_VALUE"""),"sftp://graphic@103.41.58.141/marketing/WarzTH_LE/Item%20Dict/ex_cage_fighter.png") -> sftp://graphic@103.41.58.141/marketing/WarzTH_LE/Item%20Dict/ex_cage_fighter.png | N88: =IFERROR(__xludf.DUMMYFUNCTION("""COMPUTED_VALUE"""),"-") -> -
A89: =IFERROR(__xludf.DUMMYFUNCTION("""COMPUTED_VALUE"""),TRUE) -> TRUE | B89: =IFERROR(__xludf.DUMMYFUNCTION("""COMPUTED_VALUE"""),"") | C89: =IFERROR(__xludf.DUMMYFUNCTION("""COMPUTED_VALUE"""),20174.0) -> 20174 | D89: =IFERROR(__xludf.DUMMYFUNCTION("""COMPUTED_VALUE"""),"https://cdn.exe.in.th/marketing/WarzTH_LE/Item%20Dict/ex_military.png") -> https://cdn.exe.in.th/marketing/WarzTH_LE/Item%20Dict/ex_military.png | E89: =IFERROR(__xludf.DUMMYFUNCTION("""COMPUTED_VALUE"""),"Ex Military") -> Ex Military | F89: =IFERROR(__xludf.DUMMYFUNCTION("""COMPUTED_VALUE"""),"-") -> - | G89: =IFERROR(__xludf.DUMMYFUNCTION("""COMPUTED_VALUE"""),"-") -> - | H89: =IFERROR(__xludf.DUMMYFUNCTION("""COMPUTED_VALUE"""),"-") -> - | I89: =IFERROR(__xludf.DUMMYFUNCTION("""COMPUTED_VALUE"""),"Character") -> Character | J89: =IFERROR(__xludf.DUMMYFUNCTION("""COMPUTED_VALUE"""),"No") -> No | L89: =IFERROR(__xludf.DUMMYFUNCTION("""COMPUTED_VALUE"""),"sftp://graphic@103.41.58.141/marketing/WarzTH_LE/Item%20Dict/ex_military.png") -> sftp://graphic@103.41.58.141/marketing/WarzTH_LE/Item%20Dict/ex_military.png | N89: =IFERROR(__xludf.DUMMYFUNCTION("""COMPUTED_VALUE"""),"-") -> -
A90: =IFERROR(__xludf.DUMMYFUNCTION("""COMPUTED_VALUE"""),TRUE) -> TRUE | C90: =IFERROR(__xludf.DUMMYFUNCTION("""COMPUTED_VALUE"""),2.0) -> 2 | E90: =IFERROR(__xludf.DUMMYFUNCTION("""COMPUTED_VALUE"""),"EXP") -> EXP | I90: =IFERROR(__xludf.DUMMYFUNCTION("""COMPUTED_VALUE"""),"Game Currency") -> Game Currency | J90: =IFERROR(__xludf.DUMMYFUNCTION("""COMPUTED_VALUE"""),"Yes") -> Yes
A91: =IFERROR(__xludf.DUMMYFUNCTION("""COMPUTED_VALUE"""),TRUE) -> TRUE | B91: =IFERROR(__xludf.DUMMYFUNCTION("""COMPUTED_VALUE"""),"") | C91: =IFERROR(__xludf.DUMMYFUNCTION("""COMPUTED_VALUE"""),101001.0) -> 101001 | D91: =IFERROR(__xludf.DUMMYFUNCTION("""COMPUTED_VALUE"""),"https://cdn.exe.in.th/marketing/WarzTH_LE/Item%20Dict/famas.png") -> https://cdn.exe.in.th/marketing/WarzTH_LE/Item%20Dict/famas.png | E91: =IFERROR(__xludf.DUMMYFUNCTION("""COMPUTED_VALUE"""),"Famas") -> Famas | F91: =IFERROR(__xludf.DUMMYFUNCTION("""COMPUTED_VALUE"""),700.0) -> 700 | G91: =IFERROR(__xludf.DUMMYFUNCTION("""COMPUTED_VALUE"""),"-") -> - | H91: =IFERROR(__xludf.DUMMYFUNCTION("""COMPUTED_VALUE"""),"-") -> - | I91: =IFERROR(__xludf.DUMMYFUNCTION("""COMPUTED_VALUE"""),"Weapon") -> Weapon | J91: =IFERROR(__xludf.DUMMYFUNCTION("""COMPUTED_VALUE"""),"No") -> No | K91: =IFERROR(__xludf.DUMMYFUNCTION("""COMPUTED_VALUE"""),"SR") -> SR | L91: =IFERROR(__xludf.DUMMYFUNCTION("""COMPUTED_VALUE"""),"sftp://graphic@103.41.58.141/marketing/WarzTH_LE/Item%20Dict/famas.png") -> sftp://graphic@103.41.58.141/marketing/WarzTH_LE/Item%20Dict/famas.png | N91: =IFERROR(__xludf.DUMMYFUNCTION("""COMPUTED_VALUE"""),"The Famas rifle is a gas operated standard infantry assault rifle, chambered for 5.56x45mm NATO round.") -> The Famas rifle is a gas operated standard infantry assault rifle, chambered for 5.56x45mm NATO round.
A92: =IFERROR(__xludf.DUMMYFUNCTION("""COMPUTED_VALUE"""),TRUE) -> TRUE | B92: =IFERROR(__xludf.DUMMYFUNCTION("""COMPUTED_VALUE"""),"") | C92: =IFERROR(__xludf.DUMMYFUNCTION("""COMPUTED_VALUE"""),101383.0) -> 101383 | D92: =IFERROR(__xludf.DUMMYFUNCTION("""COMPUTED_VALUE"""),"https://cdn.exe.in.th/marketing/WarzTH_LE/Item%20Dict/fire_axe.png") -> https://cdn.exe.in.th/marketing/WarzTH_LE/Item%20Dict/fire_axe.png | E92: =IFERROR(__xludf.DUMMYFUNCTION("""COMPUTED_VALUE"""),"Fire Axe") -> Fire Axe | F92: =IFERROR(__xludf.DUMMYFUNCTION("""COMPUTED_VALUE"""),1.5) -> 1.5 | G92: =IFERROR(__xludf.DUMMYFUNCTION("""COMPUTED_VALUE"""),"15 GC") -> 15 GC | H92: =IFERROR(__xludf.DUMMYFUNCTION("""COMPUTED_VALUE"""),"1,500 Dollars") -> 1,500 Dollars | I92: =IFERROR(__xludf.DUMMYFUNCTION("""COMPUTED_VALUE"""),"Weapon") -> Weapon | J92: =IFERROR(__xludf.DUMMYFUNCTION("""COMPUTED_VALUE"""),"No") -> No | L92: =IFERROR(__xludf.DUMMYFUNCTION("""COMPUTED_VALUE"""),"sftp://graphic@103.41.58.141/marketing/WarzTH_LE/Item%20Dict/fire_axe.png") -> sftp://graphic@103.41.58.141/marketing/WarzTH_LE/Item%20Dict/fire_axe.png | N92: =IFERROR(__xludf.DUMMYFUNCTION("""COMPUTED_VALUE"""),"Standard issue axe used by firefighters to enter buildings and remove dangerous debris") -> Standard issue axe used by firefighters to enter buildings and remove dangerous debris
A93: =IFERROR(__xludf.DUMMYFUNCTION("""COMPUTED_VALUE"""),TRUE) -> TRUE | B93: =IFERROR(__xludf.DUMMYFUNCTION("""COMPUTED_VALUE"""),"") | C93: =IFERROR(__xludf.DUMMYFUNCTION("""COMPUTED_VALUE"""),20097.0) -> 20097 | D93: =IFERROR(__xludf.DUMMYFUNCTION("""COMPUTED_VALUE"""),"https://cdn.exe.in.th/marketing/WarzTH_LE/Item%20Dict/fireman_helmet.png") -> https://cdn.exe.in.th/marketing/WarzTH_LE/Item%20Dict/fireman_helmet.png | E93: =IFERROR(__xludf.DUMMYFUNCTION("""COMPUTED_VALUE"""),"Fireman Helmet") -> Fireman Helmet | F93: =IFERROR(__xludf.DUMMYFUNCTION("""COMPUTED_VALUE"""),1.0) -> 1 | G93: =IFERROR(__xludf.DUMMYFUNCTION("""COMPUTED_VALUE"""),"-") -> - | H93: =IFERROR(__xludf.DUMMYFUNCTION("""COMPUTED_VALUE"""),"1,000 Dollars") -> 1,000 Dollars | I93: =IFERROR(__xludf.DUMMYFUNCTION("""COMPUTED_VALUE"""),"Equipment") -> Equipment | J93: =IFERROR(__xludf.DUMMYFUNCTION("""COMPUTED_VALUE"""),"No") -> No | L93: =IFERROR(__xludf.DUMMYFUNCTION("""COMPUTED_VALUE"""),"sftp://graphic@103.41.58.141/marketing/WarzTH_LE/Item%20Dict/fireman_helmet.png") -> sftp://graphic@103.41.58.141/marketing/WarzTH_LE/Item%20Dict/fireman_helmet.png | N93: =IFERROR(__xludf.DUMMYFUNCTION("""COMPUTED_VALUE"""),"The traditional Firefighters helmet has been saving men for years. Give it a try if you want to be different in the battlezone.") -> The traditional Firefighters helmet has been saving men for years. Give it a try if you want to be different in the battlezone.
A94: =IFERROR(__xludf.DUMMYFUNCTION("""COMPUTED_VALUE"""),TRUE) -> TRUE | B94: =IFERROR(__xludf.DUMMYFUNCTION("""COMPUTED_VALUE"""),"") | C94: =IFERROR(__xludf.DUMMYFUNCTION("""COMPUTED_VALUE"""),400012.0) -> 400012 | D94: =IFERROR(__xludf.DUMMYFUNCTION("""COMPUTED_VALUE"""),"https://cdn.exe.in.th/marketing/WarzTH_LE/Item%20Dict/fh.png") -> https://cdn.exe.in.th/marketing/WarzTH_LE/Item%20Dict/fh.png | E94: =IFERROR(__xludf.DUMMYFUNCTION("""COMPUTED_VALUE"""),"Flash Hider") -> Flash Hider | F94: =IFERROR(__xludf.DUMMYFUNCTION("""COMPUTED_VALUE"""),2.0) -> 2 | G94: =IFERROR(__xludf.DUMMYFUNCTION("""COMPUTED_VALUE"""),"-") -> - | H94: =IFERROR(__xludf.DUMMYFUNCTION("""COMPUTED_VALUE"""),"2,000 Dollars") -> 2,000 Dollars | I94: =IFERROR(__xludf.DUMMYFUNCTION("""COMPUTED_VALUE"""),"Attachment") -> Attachment | J94: =IFERROR(__xludf.DUMMYFUNCTION("""COMPUTED_VALUE"""),"No") -> No | L94: =IFERROR(__xludf.DUMMYFUNCTION("""COMPUTED_VALUE"""),"sftp://graphic@103.41.58.141/marketing/WarzTH_LE/Item%20Dict/fh.png") -> sftp://graphic@103.41.58.141/marketing/WarzTH_LE/Item%20Dict/fh.png | N94: =IFERROR(__xludf.DUMMYFUNCTION("""COMPUTED_VALUE"""),"The Muzzle FlashHider will lower the visual flash of a weapon when fired at normal or rapid speeds.") -> The Muzzle FlashHider will lower the visual flash of a weapon when fired at normal or rapid speeds.
A95: =IFERROR(__xludf.DUMMYFUNCTION("""COMPUTED_VALUE"""),TRUE) -> TRUE | B95: =IFERROR(__xludf.DUMMYFUNCTION("""COMPUTED_VALUE"""),"") | C95: =IFERROR(__xludf.DUMMYFUNCTION("""COMPUTED_VALUE"""),101306.0) -> 101306 | D95: =IFERROR(__xludf.DUMMYFUNCTION("""COMPUTED_VALUE"""),"https://cdn.exe.in.th/marketing/WarzTH_LE/Item%20Dict/flashlight.png") -> https://cdn.exe.in.th/marketing/WarzTH_LE/Item%20Dict/flashlight.png | E95: =IFERROR(__xludf.DUMMYFUNCTION("""COMPUTED_VALUE"""),"Flashlight") -> Flashlight | F95: =IFERROR(__xludf.DUMMYFUNCTION("""COMPUTED_VALUE"""),0.1) -> 0.1 | G95: =IFERROR(__xludf.DUMMYFUNCTION("""COMPUTED_VALUE"""),"-") -> - | H95: =IFERROR(__xludf.DUMMYFUNCTION("""COMPUTED_VALUE"""),"-") -> - | I95: =IFERROR(__xludf.DUMMYFUNCTION("""COMPUTED_VALUE"""),"Weapon") -> Weapon | J95: =IFERROR(__xludf.DUMMYFUNCTION("""COMPUTED_VALUE"""),"No") -> No | L95: =IFERROR(__xludf.DUMMYFUNCTION("""COMPUTED_VALUE"""),"sftp://graphic@103.41.58.141/marketing/WarzTH_LE/Item%20Dict/flashlight.png") -> sftp://graphic@103.41.58.141/marketing/WarzTH_LE/Item%20Dict/flashlight.png | N95: =IFERROR(__xludf.DUMMYFUNCTION("""COMPUTED_VALUE"""),"Flashlight for night time, also blinds other players and doubles as a last resort blunt object to bash in the heads of the infected") -> Flashlight for night time, also blinds other players and doubles as a last resort blunt object to bash in the heads of the infected
A96: =IFERROR(__xludf.DUMMYFUNCTION("""COMPUTED_VALUE"""),TRUE) -> TRUE | B96: =IFERROR(__xludf.DUMMYFUNCTION("""COMPUTED_VALUE"""),"") | C96: =IFERROR(__xludf.DUMMYFUNCTION("""COMPUTED_VALUE"""),101004.0) -> 101004 | D96: =IFERROR(__xludf.DUMMYFUNCTION("""COMPUTED_VALUE"""),"https://cdn.exe.in.th/marketing/WarzTH_LE/Item%20Dict/fn_five_seven.png") -> https://cdn.exe.in.th/marketing/WarzTH_LE/Item%20Dict/fn_five_seven.png | E96: =IFERROR(__xludf.DUMMYFUNCTION("""COMPUTED_VALUE"""),"FN FiveSeven") -> FN FiveSeven | F96: =IFERROR(__xludf.DUMMYFUNCTION("""COMPUTED_VALUE"""),0.5) -> 0.5 | G96: =IFERROR(__xludf.DUMMYFUNCTION("""COMPUTED_VALUE"""),"-") -> - | H96: =IFERROR(__xludf.DUMMYFUNCTION("""COMPUTED_VALUE"""),"-") -> - | I96: =IFERROR(__xludf.DUMMYFUNCTION("""COMPUTED_VALUE"""),"Weapon") -> Weapon | J96: =IFERROR(__xludf.DUMMYFUNCTION("""COMPUTED_VALUE"""),"No") -> No | K96: =IFERROR(__xludf.DUMMYFUNCTION("""COMPUTED_VALUE"""),"C") -> C | L96: =IFERROR(__xludf.DUMMYFUNCTION("""COMPUTED_VALUE"""),"sftp://graphic@103.41.58.141/marketing/WarzTH_LE/Item%20Dict/fn_five_seven.png") -> sftp://graphic@103.41.58.141/marketing/WarzTH_LE/Item%20Dict/fn_five_seven.png | N96: =IFERROR(__xludf.DUMMYFUNCTION("""COMPUTED_VALUE"""),"The FN Five Seven is a standard issue handgun that was designed to fire a 5.7 mm round. It is an effective weapon against close range targets.") -> The FN Five Seven is a standard issue handgun that was designed to fire a 5.7 mm round. It is an effective weapon against close range targets.
A97: =IFERROR(__xludf.DUMMYFUNCTION("""COMPUTED_VALUE"""),TRUE) -> TRUE | B97: =IFERROR(__xludf.DUMMYFUNCTION("""COMPUTED_VALUE"""),"") | C97: =IFERROR(__xludf.DUMMYFUNCTION("""COMPUTED_VALUE"""),101095.0) -> 101095 | D97: =IFERROR(__xludf.DUMMYFUNCTION("""COMPUTED_VALUE"""),"https://cdn.exe.in.th/marketing/WarzTH_LE/Item%20Dict/fn_m249.png") -> https://cdn.exe.in.th/marketing/WarzTH_LE/Item%20Dict/fn_m249.png | E97: =IFERROR(__xludf.DUMMYFUNCTION("""COMPUTED_VALUE"""),"FN M249") -> FN M249 | F97: =IFERROR(__xludf.DUMMYFUNCTION("""COMPUTED_VALUE"""),10.0) -> 10 | G97: =IFERROR(__xludf.DUMMYFUNCTION("""COMPUTED_VALUE"""),"-") -> - | H97: =IFERROR(__xludf.DUMMYFUNCTION("""COMPUTED_VALUE"""),"-") -> - | I97: =IFERROR(__xludf.DUMMYFUNCTION("""COMPUTED_VALUE"""),"Weapon") -> Weapon | J97: =IFERROR(__xludf.DUMMYFUNCTION("""COMPUTED_VALUE"""),"No") -> No | K97: =IFERROR(__xludf.DUMMYFUNCTION("""COMPUTED_VALUE"""),"C") -> C | L97: =IFERROR(__xludf.DUMMYFUNCTION("""COMPUTED_VALUE"""),"sftp://graphic@103.41.58.141/marketing/WarzTH_LE/Item%20Dict/fn_m249.png") -> sftp://graphic@103.41.58.141/marketing/WarzTH_LE/Item%20Dict/fn_m249.png | N97: =IFERROR(__xludf.DUMMYFUNCTION("""COMPUTED_VALUE"""),"The FN M249 machine gun fires a 5.56 mm round from a belt fed system. It is highly effective against targets at close and medium ranges.") -> The FN M249 machine gun fires a 5.56 mm round from a belt fed system. It is highly effective against targets at close and medium ranges.
A98: =IFERROR(__xludf.DUMMYFUNCTION("""COMPUTED_VALUE"""),TRUE) -> TRUE | B98: =IFERROR(__xludf.DUMMYFUNCTION("""COMPUTED_VALUE"""),"") | C98: =IFERROR(__xludf.DUMMYFUNCTION("""COMPUTED_VALUE"""),101107.0) -> 101107 | D98: =IFERROR(__xludf.DUMMYFUNCTION("""COMPUTED_VALUE"""),"https://cdn.exe.in.th/marketing/WarzTH_LE/Item%20Dict/fn_p90.png") -> https://cdn.exe.in.th/marketing/WarzTH_LE/Item%20Dict/fn_p90.png | E98: =IFERROR(__xludf.DUMMYFUNCTION("""COMPUTED_VALUE"""),"FN P90") -> FN P90 | F98: =IFERROR(__xludf.DUMMYFUNCTION("""COMPUTED_VALUE"""),2.0) -> 2 | G98: =IFERROR(__xludf.DUMMYFUNCTION("""COMPUTED_VALUE"""),"-") -> - | H98: =IFERROR(__xludf.DUMMYFUNCTION("""COMPUTED_VALUE"""),"-") -> - | I98: =IFERROR(__xludf.DUMMYFUNCTION("""COMPUTED_VALUE"""),"Weapon") -> Weapon | J98: =IFERROR(__xludf.DUMMYFUNCTION("""COMPUTED_VALUE"""),"No") -> No | K98: =IFERROR(__xludf.DUMMYFUNCTION("""COMPUTED_VALUE"""),"C") -> C | L98: =IFERROR(__xludf.DUMMYFUNCTION("""COMPUTED_VALUE"""),"sftp://graphic@103.41.58.141/marketing/WarzTH_LE/Item%20Dict/fn_p90.png") -> sftp://graphic@103.41.58.141/marketing/WarzTH_LE/Item%20Dict/fn_p90.png | N98: =IFERROR(__xludf.DUMMYFUNCTION("""COMPUTED_VALUE"""),"The FN P90 submachine gun was designed to fire 9 mm rounds from a large 50 round magazine. It is very effective on close range targets.") -> The FN P90 submachine gun was designed to fire 9 mm rounds from a large 50 round magazine. It is very effective on close range targets.
A99: =IFERROR(__xludf.DUMMYFUNCTION("""COMPUTED_VALUE"""),TRUE) -> TRUE | B99: =IFERROR(__xludf.DUMMYFUNCTION("""COMPUTED_VALUE"""),"") | C99: =IFERROR(__xludf.DUMMYFUNCTION("""COMPUTED_VALUE"""),101246.0) -> 101246 | D99: =IFERROR(__xludf.DUMMYFUNCTION("""COMPUTED_VALUE"""),"https://cdn.exe.in.th/marketing/WarzTH_LE/Item%20Dict/fn_p90_s.png") -> https://cdn.exe.in.th/marketing/WarzTH_LE/Item%20Dict/fn_p90_s.png | E99: =IFERROR(__xludf.DUMMYFUNCTION("""COMPUTED_VALUE"""),"FN P90 S") -> FN P90 S | F99: =IFERROR(__xludf.DUMMYFUNCTION("""COMPUTED_VALUE"""),2.0) -> 2 | G99: =IFERROR(__xludf.DUMMYFUNCTION("""COMPUTED_VALUE"""),"-") -> - | H99: =IFERROR(__xludf.DUMMYFUNCTION("""COMPUTED_VALUE"""),"-") -> - | I99: =IFERROR(__xludf.DUMMYFUNCTION("""COMPUTED_VALUE"""),"Weapon") -> Weapon | J99: =IFERROR(__xludf.DUMMYFUNCTION("""COMPUTED_VALUE"""),"No") -> No | K99: =IFERROR(__xludf.DUMMYFUNCTION("""COMPUTED_VALUE"""),"C") -> C | L99: =IFERROR(__xludf.DUMMYFUNCTION("""COMPUTED_VALUE"""),"sftp://graphic@103.41.58.141/marketing/WarzTH_LE/Item%20Dict/fn_p90_s.png") -> sftp://graphic@103.41.58.141/marketing/WarzTH_LE/Item%20Dict/fn_p90_s.png | N99: =IFERROR(__xludf.DUMMYFUNCTION("""COMPUTED_VALUE"""),"The FN P90S submachine gun is a highly effective weapon that carries a unique 50 round magazine. It fires a standard 5.56 mm round.") -> The FN P90S submachine gun is a highly effective weapon that carries a unique 50 round magazine. It fires a standard 5.56 mm round.
A100: =IFERROR(__xludf.DUMMYFUNCTION("""COMPUTED_VALUE"""),TRUE) -> TRUE | B100: =IFERROR(__xludf.DUMMYFUNCTION("""COMPUTED_VALUE"""),"") | C100: =IFERROR(__xludf.DUMMYFUNCTION("""COMPUTED_VALUE"""),101193.0) -> 101193 | D100: =IFERROR(__xludf.DUMMYFUNCTION("""COMPUTED_VALUE"""),"https://cdn.exe.in.th/marketing/WarzTH_LE/Item%20Dict/fn_scar_cqc.png") -> https://cdn.exe.in.th/marketing/WarzTH_LE/Item%20Dict/fn_scar_cqc.png | E100: =IFERROR(__xludf.DUMMYFUNCTION("""COMPUTED_VALUE"""),"FN SCAR CQC") -> FN SCAR CQC | F100: =IFERROR(__xludf.DUMMYFUNCTION("""COMPUTED_VALUE"""),80.0) -> 80 | G100: =IFERROR(__xludf.DUMMYFUNCTION("""COMPUTED_VALUE"""),"-") -> - | H100: =IFERROR(__xludf.DUMMYFUNCTION("""COMPUTED_VALUE"""),"-") -> - | I100: =IFERROR(__xludf.DUMMYFUNCTION("""COMPUTED_VALUE"""),"Weapon") -> Weapon | J100: =IFERROR(__xludf.DUMMYFUNCTION("""COMPUTED_VALUE"""),"No") -> No | K100: =IFERROR(__xludf.DUMMYFUNCTION("""COMPUTED_VALUE"""),"S") -> S | L100: =IFERROR(__xludf.DUMMYFUNCTION("""COMPUTED_VALUE"""),"sftp://graphic@103.41.58.141/marketing/WarzTH_LE/Item%20Dict/fn_scar_cqc.png") -> sftp://graphic@103.41.58.141/marketing/WarzTH_LE/Item%20Dict/fn_scar_cqc.png | N100: =IFERROR(__xludf.DUMMYFUNCTION("""COMPUTED_VALUE"""),"The SCAR 16 CQC is an advanced assault rifle that fires standard 5.56 x 45 mm rounds effectively out to medium ranges.") -> The SCAR 16 CQC is an advanced assault rifle that fires standard 5.56 x 45 mm rounds effectively out to medium ranges.
...

Sheet รายชื่อกิจกรรม
C1: ประกาศจากทีมงาน
E2: การจัดส่งของรางวัลทีมงานจะจัดส่งรางวัลต่าง ๆ ดังนี้
A3: ชื่อชีทที่มีสัญลักษณ์ 💛 = เก็บรายชื่อเสร็จแล้ว หรือ เป็น Master Code / Event All User Rewards | E3: • รางวัลที่รับบนหน้าเว็บไซต์ : ตัดรอบทุกวัน พุธ และจัดส่งให้รับรางวัลหน้าเว็บไซต์ได้ทุกวัน พุธ
E4: • รางวัลที่จัดส่งภายในเกม : จัดส่งทุกวันพุธ
E5: • รางวัลภายนอกเกม ประเภทพัสดุ : ตัดรอบทุกวัน xxxxxx เวลา 12.00 น. และจัดส่งพัสดุภายใน xxxxx
E6: • รางวัลภายนอกเกม ประเภท Voucher : ตัดรอบทุกวันที่ xxx และ xxx ของทุกเดือน และจัดส่งทาง sms ภายใน 15 และ 30 ของทุกเดือน
E7: กรณีที่วันดังกล่าวตรงกับวันหยุด ทีมงานจะส่งให้ในวันศุกร์ของสัปดาห์ที่ 2 และ 4 ของเดือนนั้นๆ แทน
C9: 💜 Purple | D9: 💜 Purple | E9: 💜 Purple | F9: 💜 Purple | G9: 💜 Purple | H9: 💜 Purple | I9: 💜 Purple | J9: 💜 Purple | K9: 💛 Yellow | L9: 💛 Yellow | M9: 💜 Purple
A10: No | B10: รายชื่อกิจกรรม | C10: วันเริ่มกิจกรรม | D10: วันจบกิจกรรม | E10: วันประกาศผล | F10: วันที่รับของรางวัล | G10: 🎁 วิธีการรับรางวัล | H10: 📌 Notion | I10: ระยะเวลายืนยันตัวตน | J10: ⚙️ อัปเดตสถานะ | K10: 👑 ใครรับงานเซต | L10: ⚙️ สถานะการทำงาน | M10: วันที่จัดส่ง / sms
A11: 1 | B11: แคปสิทธิ์ผู้รอดชีวิต | C11: 46153 | D11: 46170 | E11: 46183 | F11: 46183 | G11: 🌐หน้าเว็บไซต์ | H11: Notion | I11: - | J11: ⚙️ กำลังดำเนินการ
A12: 2 | B12: อาวุธคู่ใจ | C12: 46157 | D12: 46159 | E12: 46183 | F12: 46183 | G12: 🌐หน้าเว็บไซต์ | H12: [WarZ] จัดส่งของรางวัลกิจกรรมคอมมู "อาวุธคู่ใจ" | I12: - | J12: ⚙️ กำลังดำเนินการ
A13: 3 | B13: แอดไลน์ รับเสบียง | C13: 46165 | D13: 46167 | E13: 46183 | F13: 46183 | G13: 🌐หน้าเว็บไซต์ | H13: [WarZ] จัดส่งของรางวัลกิจกรรมคอมมู "แอดไลน์ รับเสบียง " | I13: - | J13: ⚙️ กำลังดำเนินการ
A14: 4 | B14: แจ้งบั๊ก รับของ | C14: 46170 | D14: 46173 | E14: 46183 | F14: 46183 | G14: 🌐หน้าเว็บไซต์ | H14: [WarZ] จัดส่งของรางวัลกิจกรรมคอมมู "แจ้งบัครับของ" | I14: - | J14: ⚙️ กำลังดำเนินการ
A15: 5 | B15: ปราบบอสพี่อู๋ | C15: 46178 | D15: 46181 | E15: 46183 | F15: 46183 | G15: 🌐หน้าเว็บไซต์ | H15: [WarZ] จัดส่งของรางวัลกิจกรรมคอมมู "ปราบบอสพี่อู๋ " | I15: - | J15: ⚙️ กำลังดำเนินการ
A16: 6 | B16: Bob Hunt | C16: 46170 | D16: 46173 | E16: 46183 | F16: 46183 | G16: HOF | H16: [WarZ] จัดส่งของรางวัลกิจกรรมคอมมู "Bob Hunt " | I16: - | J16: ⚙️ กำลังดำเนินการ
A17: 7 | B17: Bob Cap | C17: 46171 | D17: 46173 | E17: 46183 | F17: 46183 | G17: 🌐หน้าเว็บไซต์ | H17: [WarZ] จัดส่งของรางวัลกิจกรรมคอมมู "Bob Cap " | I17: - | J17: ⚙️ กำลังดำเนินการ
A18: 8 | B18: Fishing | C18: 46172 | D18: 46173 | E18: 46183 | F18: 46183 | G18: 🌐หน้าเว็บไซต์ | H18: [WarZ] จัดส่งของรางวัลกิจกรรมคอมมู "Fishing" | I18: - | J18: ⚙️ กำลังดำเนินการ
A19: 9 | B19: ภารกิจค้นหาเสบียงลับ | C19: 46176 | D19: 46178 | E19: 46190 | F19: 46190 | G19: 🌐หน้าเว็บไซต์ | H19: [WarZ] จัดส่งของรางวัลกิจกรรมคอมมู "ภารกิจค้นหาเสบียงลับ" | I19: - | J19: ⚙️ กำลังดำเนินการ

Sheet Template
A1: Template
A2: วันที่จัดส่ง | C2: รายละเอียดกิจกรรม และของรางวัล | D2: ผู้รับผิดชอบการจัดส่ง | E2: ตัดรอบบิลส่งของ | I2: ของรางวัลกิจกรรม
A3: สถานะการจัดส่ง | B3: ⚙️ กำลังดำเนินการ | C3: คลิกอ่านรายละเอียด | D3: ทีมสีเหลือง | E3: ทุกวันพุธ
I4: Bundle | J4: รางวัลสำหรับผู้เข้าร่วมทุกคน
A5: ระยะเวลากดรับของรางวัล (สำหรับสีเหลือง) | B5: เริ่ม | C5: 10 มิ.ย. 69 เวลา 12.00 น.
B6: สิ้นสุด | C6: 17 มิ.ย. 69 เวลา 23.59 น.
A8: NO. | B8: Reward | C8: Facebook | D8: UID | E8: วิธีการรับรางวัล | F8: สถานะการจัดส่ง
A9: 1 | B9: 🕹 Lucky Draw | E9: 🌐 เว็บไซต์ | F9: ✅ จัดส่งแล้ว | I9: ยังไม่เทส In-game | J9: Image | K9: Item ID | L9: Item EN | M9: Own Period | N9: Item Type | O9: Amount | P9: Total Price | Q9: Image URL
A10: 2 | I10: 1205 | J10: {=IFERROR(INDEX(Data!$A$4:$O1003, MATCH($L10, INDEX(Data!$A$4:$O1003, 0, MATCH("Item EN", Data!$A$3:$O$3, FALSE)), FALSE), MATCH("Image", Data!$A$3:$O$3, FALSE) ),"")} | K10: {=IFERROR(INDEX(Data!$A$4:$O1003, MATCH($L10, INDEX(Data!$A$4:$O1003, 0, MATCH("Item EN", Data!$A$3:$O$3, FALSE)), FALSE), MATCH("Item ID", Data!$A$3:$O$3, FALSE) ),"")} | N10: {=IFERROR(INDEX(Data!$A$4:$O1003, MATCH($L10, INDEX(Data!$A$4:$O1003, 0, MATCH("Item EN", Data!$A$3:$O$3, FALSE)), FALSE), MATCH("Item Type", Data!$A$3:$O$3, FALSE) ),"")} | P10: {=IF(O10="",,IFERROR(INDEX(Data!$A$4:$O1003, MATCH($L10, INDEX(Data!$A$4:$O1003, 0, MATCH("Item EN", Data!$A$3:$O$3, FALSE)), FALSE), MATCH("Price", Data!$A$3:$O$3, FALSE) ),"")*O10)} | Q10: {=IFERROR(INDEX(Data!$A$4:$O1003, MATCH($L10, INDEX(Data!$A$4:$O1003, 0, MATCH("Item EN", Data!$A$3:$O$3, FALSE)), FALSE), MATCH("Image URL", Data!$A$3:$O$3, FALSE) ),"")}
A11: 3 | I11: 1206 | J11: {=IFERROR(INDEX(Data!$A$4:$O1003, MATCH($L11, INDEX(Data!$A$4:$O1003, 0, MATCH("Item EN", Data!$A$3:$O$3, FALSE)), FALSE), MATCH("Image", Data!$A$3:$O$3, FALSE) ),"")} | K11: {=IFERROR(INDEX(Data!$A$4:$O1003, MATCH($L11, INDEX(Data!$A$4:$O1003, 0, MATCH("Item EN", Data!$A$3:$O$3, FALSE)), FALSE), MATCH("Item ID", Data!$A$3:$O$3, FALSE) ),"")} | N11: {=IFERROR(INDEX(Data!$A$4:$O1003, MATCH($L11, INDEX(Data!$A$4:$O1003, 0, MATCH("Item EN", Data!$A$3:$O$3, FALSE)), FALSE), MATCH("Item Type", Data!$A$3:$O$3, FALSE) ),"")} | P11: {=IF(O11="",,IFERROR(INDEX(Data!$A$4:$O1003, MATCH($L11, INDEX(Data!$A$4:$O1003, 0, MATCH("Item EN", Data!$A$3:$O$3, FALSE)), FALSE), MATCH("Price", Data!$A$3:$O$3, FALSE) ),"")*O11)} | Q11: {=IFERROR(INDEX(Data!$A$4:$O1003, MATCH($L11, INDEX(Data!$A$4:$O1003, 0, MATCH("Item EN", Data!$A$3:$O$3, FALSE)), FALSE), MATCH("Image URL", Data!$A$3:$O$3, FALSE) ),"")}
A12: 4 | I12: 1184 | J12: {=IFERROR(INDEX(Data!$A$4:$O1003, MATCH($L12, INDEX(Data!$A$4:$O1003, 0, MATCH("Item EN", Data!$A$3:$O$3, FALSE)), FALSE), MATCH("Image", Data!$A$3:$O$3, FALSE) ),"")} | K12: {=IFERROR(INDEX(Data!$A$4:$O1003, MATCH($L12, INDEX(Data!$A$4:$O1003, 0, MATCH("Item EN", Data!$A$3:$O$3, FALSE)), FALSE), MATCH("Item ID", Data!$A$3:$O$3, FALSE) ),"")} | N12: {=IFERROR(INDEX(Data!$A$4:$O1003, MATCH($L12, INDEX(Data!$A$4:$O1003, 0, MATCH("Item EN", Data!$A$3:$O$3, FALSE)), FALSE), MATCH("Item Type", Data!$A$3:$O$3, FALSE) ),"")} | P12: {=IF(O12="",,IFERROR(INDEX(Data!$A$4:$O1003, MATCH($L12, INDEX(Data!$A$4:$O1003, 0, MATCH("Item EN", Data!$A$3:$O$3, FALSE)), FALSE), MATCH("Price", Data!$A$3:$O$3, FALSE) ),"")*O12)} | Q12: {=IFERROR(INDEX(Data!$A$4:$O1003, MATCH($L12, INDEX(Data!$A$4:$O1003, 0, MATCH("Item EN", Data!$A$3:$O$3, FALSE)), FALSE), MATCH("Image URL", Data!$A$3:$O$3, FALSE) ),"")}
A13: 5 | I13: 1210 | J13: {=IFERROR(INDEX(Data!$A$4:$O1003, MATCH($L13, INDEX(Data!$A$4:$O1003, 0, MATCH("Item EN", Data!$A$3:$O$3, FALSE)), FALSE), MATCH("Image", Data!$A$3:$O$3, FALSE) ),"")} | K13: {=IFERROR(INDEX(Data!$A$4:$O1003, MATCH($L13, INDEX(Data!$A$4:$O1003, 0, MATCH("Item EN", Data!$A$3:$O$3, FALSE)), FALSE), MATCH("Item ID", Data!$A$3:$O$3, FALSE) ),"")} | N13: {=IFERROR(INDEX(Data!$A$4:$O1003, MATCH($L13, INDEX(Data!$A$4:$O1003, 0, MATCH("Item EN", Data!$A$3:$O$3, FALSE)), FALSE), MATCH("Item Type", Data!$A$3:$O$3, FALSE) ),"")} | P13: {=IF(O13="",,IFERROR(INDEX(Data!$A$4:$O1003, MATCH($L13, INDEX(Data!$A$4:$O1003, 0, MATCH("Item EN", Data!$A$3:$O$3, FALSE)), FALSE), MATCH("Price", Data!$A$3:$O$3, FALSE) ),"")*O13)} | Q13: {=IFERROR(INDEX(Data!$A$4:$O1003, MATCH($L13, INDEX(Data!$A$4:$O1003, 0, MATCH("Item EN", Data!$A$3:$O$3, FALSE)), FALSE), MATCH("Image URL", Data!$A$3:$O$3, FALSE) ),"")}
A14: 6 | I14: 1182 | J14: {=IFERROR(INDEX(Data!$A$4:$O1003, MATCH($L14, INDEX(Data!$A$4:$O1003, 0, MATCH("Item EN", Data!$A$3:$O$3, FALSE)), FALSE), MATCH("Image", Data!$A$3:$O$3, FALSE) ),"")} | K14: {=IFERROR(INDEX(Data!$A$4:$O1003, MATCH($L14, INDEX(Data!$A$4:$O1003, 0, MATCH("Item EN", Data!$A$3:$O$3, FALSE)), FALSE), MATCH("Item ID", Data!$A$3:$O$3, FALSE) ),"")} | N14: {=IFERROR(INDEX(Data!$A$4:$O1003, MATCH($L14, INDEX(Data!$A$4:$O1003, 0, MATCH("Item EN", Data!$A$3:$O$3, FALSE)), FALSE), MATCH("Item Type", Data!$A$3:$O$3, FALSE) ),"")} | P14: {=IF(O14="",,IFERROR(INDEX(Data!$A$4:$O1003, MATCH($L14, INDEX(Data!$A$4:$O1003, 0, MATCH("Item EN", Data!$A$3:$O$3, FALSE)), FALSE), MATCH("Price", Data!$A$3:$O$3, FALSE) ),"")*O14)} | Q14: {=IFERROR(INDEX(Data!$A$4:$O1003, MATCH($L14, INDEX(Data!$A$4:$O1003, 0, MATCH("Item EN", Data!$A$3:$O$3, FALSE)), FALSE), MATCH("Image URL", Data!$A$3:$O$3, FALSE) ),"")}
A15: 7 | I15: 1180 | J15: {=IFERROR(INDEX(Data!$A$4:$O1003, MATCH($L15, INDEX(Data!$A$4:$O1003, 0, MATCH("Item EN", Data!$A$3:$O$3, FALSE)), FALSE), MATCH("Image", Data!$A$3:$O$3, FALSE) ),"")} | K15: {=IFERROR(INDEX(Data!$A$4:$O1003, MATCH($L15, INDEX(Data!$A$4:$O1003, 0, MATCH("Item EN", Data!$A$3:$O$3, FALSE)), FALSE), MATCH("Item ID", Data!$A$3:$O$3, FALSE) ),"")} | N15: {=IFERROR(INDEX(Data!$A$4:$O1003, MATCH($L15, INDEX(Data!$A$4:$O1003, 0, MATCH("Item EN", Data!$A$3:$O$3, FALSE)), FALSE), MATCH("Item Type", Data!$A$3:$O$3, FALSE) ),"")} | P15: {=IF(O15="",,IFERROR(INDEX(Data!$A$4:$O1003, MATCH($L15, INDEX(Data!$A$4:$O1003, 0, MATCH("Item EN", Data!$A$3:$O$3, FALSE)), FALSE), MATCH("Price", Data!$A$3:$O$3, FALSE) ),"")*O15)} | Q15: {=IFERROR(INDEX(Data!$A$4:$O1003, MATCH($L15, INDEX(Data!$A$4:$O1003, 0, MATCH("Item EN", Data!$A$3:$O$3, FALSE)), FALSE), MATCH("Image URL", Data!$A$3:$O$3, FALSE) ),"")}
A16: 8
A17: 9 | I17: Bundle | J17: รางวัลสำหรับสุ่มผู้โชคดี xx โค้ด
A18: 10
A19: 11 | I19: ยังไม่เทส In-game | J19: Image | K19: Item ID | L19: Item EN | M19: Own Period | N19: Item Type | O19: Amount | P19: Total Price | Q19: Image URL
A20: 12 | I20: 1150 | J20: {=IFERROR(INDEX(Data!$A$4:$O1003, MATCH($L20, INDEX(Data!$A$4:$O1003, 0, MATCH("Item EN", Data!$A$3:$O$3, FALSE)), FALSE), MATCH("Image", Data!$A$3:$O$3, FALSE) ),"")} | K20: {=IFERROR(INDEX(Data!$A$4:$O1003, MATCH($L20, INDEX(Data!$A$4:$O1003, 0, MATCH("Item EN", Data!$A$3:$O$3, FALSE)), FALSE), MATCH("Item ID", Data!$A$3:$O$3, FALSE) ),"")} | N20: {=IFERROR(INDEX(Data!$A$4:$O1003, MATCH($L20, INDEX(Data!$A$4:$O1003, 0, MATCH("Item EN", Data!$A$3:$O$3, FALSE)), FALSE), MATCH("Item Type", Data!$A$3:$O$3, FALSE) ),"")} | P20: {=IF(O20="",,IFERROR(INDEX(Data!$A$4:$O1003, MATCH($L20, INDEX(Data!$A$4:$O1003, 0, MATCH("Item EN", Data!$A$3:$O$3, FALSE)), FALSE), MATCH("Price", Data!$A$3:$O$3, FALSE) ),"")*O20)} | Q20: {=IFERROR(INDEX(Data!$A$4:$O1003, MATCH($L20, INDEX(Data!$A$4:$O1003, 0, MATCH("Item EN", Data!$A$3:$O$3, FALSE)), FALSE), MATCH("Image URL", Data!$A$3:$O$3, FALSE) ),"")}
A21: 13 | I21: 1211 | J21: {=IFERROR(INDEX(Data!$A$4:$O1003, MATCH($L21, INDEX(Data!$A$4:$O1003, 0, MATCH("Item EN", Data!$A$3:$O$3, FALSE)), FALSE), MATCH("Image", Data!$A$3:$O$3, FALSE) ),"")} | K21: {=IFERROR(INDEX(Data!$A$4:$O1003, MATCH($L21, INDEX(Data!$A$4:$O1003, 0, MATCH("Item EN", Data!$A$3:$O$3, FALSE)), FALSE), MATCH("Item ID", Data!$A$3:$O$3, FALSE) ),"")} | N21: {=IFERROR(INDEX(Data!$A$4:$O1003, MATCH($L21, INDEX(Data!$A$4:$O1003, 0, MATCH("Item EN", Data!$A$3:$O$3, FALSE)), FALSE), MATCH("Item Type", Data!$A$3:$O$3, FALSE) ),"")} | P21: {=IF(O21="",,IFERROR(INDEX(Data!$A$4:$O1003, MATCH($L21, INDEX(Data!$A$4:$O1003, 0, MATCH("Item EN", Data!$A$3:$O$3, FALSE)), FALSE), MATCH("Price", Data!$A$3:$O$3, FALSE) ),"")*O21)} | Q21: {=IFERROR(INDEX(Data!$A$4:$O1003, MATCH($L21, INDEX(Data!$A$4:$O1003, 0, MATCH("Item EN", Data!$A$3:$O$3, FALSE)), FALSE), MATCH("Image URL", Data!$A$3:$O$3, FALSE) ),"")}
A22: 14 | I22: 1208 | J22: {=IFERROR(INDEX(Data!$A$4:$O1003, MATCH($L22, INDEX(Data!$A$4:$O1003, 0, MATCH("Item EN", Data!$A$3:$O$3, FALSE)), FALSE), MATCH("Image", Data!$A$3:$O$3, FALSE) ),"")} | K22: {=IFERROR(INDEX(Data!$A$4:$O1003, MATCH($L22, INDEX(Data!$A$4:$O1003, 0, MATCH("Item EN", Data!$A$3:$O$3, FALSE)), FALSE), MATCH("Item ID", Data!$A$3:$O$3, FALSE) ),"")} | N22: {=IFERROR(INDEX(Data!$A$4:$O1003, MATCH($L22, INDEX(Data!$A$4:$O1003, 0, MATCH("Item EN", Data!$A$3:$O$3, FALSE)), FALSE), MATCH("Item Type", Data!$A$3:$O$3, FALSE) ),"")} | P22: {=IF(O22="",,IFERROR(INDEX(Data!$A$4:$O1003, MATCH($L22, INDEX(Data!$A$4:$O1003, 0, MATCH("Item EN", Data!$A$3:$O$3, FALSE)), FALSE), MATCH("Price", Data!$A$3:$O$3, FALSE) ),"")*O22)} | Q22: {=IFERROR(INDEX(Data!$A$4:$O1003, MATCH($L22, INDEX(Data!$A$4:$O1003, 0, MATCH("Item EN", Data!$A$3:$O$3, FALSE)), FALSE), MATCH("Image URL", Data!$A$3:$O$3, FALSE) ),"")}
A23: 15 | I23: 1207 | J23: {=IFERROR(INDEX(Data!$A$4:$O1003, MATCH($L23, INDEX(Data!$A$4:$O1003, 0, MATCH("Item EN", Data!$A$3:$O$3, FALSE)), FALSE), MATCH("Image", Data!$A$3:$O$3, FALSE) ),"")} | K23: {=IFERROR(INDEX(Data!$A$4:$O1003, MATCH($L23, INDEX(Data!$A$4:$O1003, 0, MATCH("Item EN", Data!$A$3:$O$3, FALSE)), FALSE), MATCH("Item ID", Data!$A$3:$O$3, FALSE) ),"")} | N23: {=IFERROR(INDEX(Data!$A$4:$O1003, MATCH($L23, INDEX(Data!$A$4:$O1003, 0, MATCH("Item EN", Data!$A$3:$O$3, FALSE)), FALSE), MATCH("Item Type", Data!$A$3:$O$3, FALSE) ),"")} | P23: {=IF(O23="",,IFERROR(INDEX(Data!$A$4:$O1003, MATCH($L23, INDEX(Data!$A$4:$O1003, 0, MATCH("Item EN", Data!$A$3:$O$3, FALSE)), FALSE), MATCH("Price", Data!$A$3:$O$3, FALSE) ),"")*O23)} | Q23: {=IFERROR(INDEX(Data!$A$4:$O1003, MATCH($L23, INDEX(Data!$A$4:$O1003, 0, MATCH("Item EN", Data!$A$3:$O$3, FALSE)), FALSE), MATCH("Image URL", Data!$A$3:$O$3, FALSE) ),"")}
A24: 16 | I24: 1212 | J24: {=IFERROR(INDEX(Data!$A$4:$O1003, MATCH($L24, INDEX(Data!$A$4:$O1003, 0, MATCH("Item EN", Data!$A$3:$O$3, FALSE)), FALSE), MATCH("Image", Data!$A$3:$O$3, FALSE) ),"")} | K24: {=IFERROR(INDEX(Data!$A$4:$O1003, MATCH($L24, INDEX(Data!$A$4:$O1003, 0, MATCH("Item EN", Data!$A$3:$O$3, FALSE)), FALSE), MATCH("Item ID", Data!$A$3:$O$3, FALSE) ),"")} | N24: {=IFERROR(INDEX(Data!$A$4:$O1003, MATCH($L24, INDEX(Data!$A$4:$O1003, 0, MATCH("Item EN", Data!$A$3:$O$3, FALSE)), FALSE), MATCH("Item Type", Data!$A$3:$O$3, FALSE) ),"")} | P24: {=IF(O24="",,IFERROR(INDEX(Data!$A$4:$O1003, MATCH($L24, INDEX(Data!$A$4:$O1003, 0, MATCH("Item EN", Data!$A$3:$O$3, FALSE)), FALSE), MATCH("Price", Data!$A$3:$O$3, FALSE) ),"")*O24)} | Q24: {=IFERROR(INDEX(Data!$A$4:$O1003, MATCH($L24, INDEX(Data!$A$4:$O1003, 0, MATCH("Item EN", Data!$A$3:$O$3, FALSE)), FALSE), MATCH("Image URL", Data!$A$3:$O$3, FALSE) ),"")}
A25: 17 | I25: 1209 | J25: {=IFERROR(INDEX(Data!$A$4:$O1003, MATCH($L25, INDEX(Data!$A$4:$O1003, 0, MATCH("Item EN", Data!$A$3:$O$3, FALSE)), FALSE), MATCH("Image", Data!$A$3:$O$3, FALSE) ),"")} | K25: {=IFERROR(INDEX(Data!$A$4:$O1003, MATCH($L25, INDEX(Data!$A$4:$O1003, 0, MATCH("Item EN", Data!$A$3:$O$3, FALSE)), FALSE), MATCH("Item ID", Data!$A$3:$O$3, FALSE) ),"")} | N25: {=IFERROR(INDEX(Data!$A$4:$O1003, MATCH($L25, INDEX(Data!$A$4:$O1003, 0, MATCH("Item EN", Data!$A$3:$O$3, FALSE)), FALSE), MATCH("Item Type", Data!$A$3:$O$3, FALSE) ),"")} | P25: {=IF(O25="",,IFERROR(INDEX(Data!$A$4:$O1003, MATCH($L25, INDEX(Data!$A$4:$O1003, 0, MATCH("Item EN", Data!$A$3:$O$3, FALSE)), FALSE), MATCH("Price", Data!$A$3:$O$3, FALSE) ),"")*O25)} | Q25: {=IFERROR(INDEX(Data!$A$4:$O1003, MATCH($L25, INDEX(Data!$A$4:$O1003, 0, MATCH("Item EN", Data!$A$3:$O$3, FALSE)), FALSE), MATCH("Image URL", Data!$A$3:$O$3, FALSE) ),"")}
A26: 18 | I26: 1287 | J26: {=IFERROR(INDEX(Data!$A$4:$O1003, MATCH($L26, INDEX(Data!$A$4:$O1003, 0, MATCH("Item EN", Data!$A$3:$O$3, FALSE)), FALSE), MATCH("Image", Data!$A$3:$O$3, FALSE) ),"")} | K26: {=IFERROR(INDEX(Data!$A$4:$O1003, MATCH($L26, INDEX(Data!$A$4:$O1003, 0, MATCH("Item EN", Data!$A$3:$O$3, FALSE)), FALSE), MATCH("Item ID", Data!$A$3:$O$3, FALSE) ),"")} | N26: {=IFERROR(INDEX(Data!$A$4:$O1003, MATCH($L26, INDEX(Data!$A$4:$O1003, 0, MATCH("Item EN", Data!$A$3:$O$3, FALSE)), FALSE), MATCH("Item Type", Data!$A$3:$O$3, FALSE) ),"")} | P26: {=IF(O26="",,IFERROR(INDEX(Data!$A$4:$O1003, MATCH($L26, INDEX(Data!$A$4:$O1003, 0, MATCH("Item EN", Data!$A$3:$O$3, FALSE)), FALSE), MATCH("Price", Data!$A$3:$O$3, FALSE) ),"")*O26)} | Q26: {=IFERROR(INDEX(Data!$A$4:$O1003, MATCH($L26, INDEX(Data!$A$4:$O1003, 0, MATCH("Item EN", Data!$A$3:$O$3, FALSE)), FALSE), MATCH("Image URL", Data!$A$3:$O$3, FALSE) ),"")}
A27: 19
A28: 20
A29: 21
A30: 22
A31: 23
A32: 24
A33: 25
A34: 26
A35: 27
A36: 28
A37: 29
A38: 30

Sheet 💛 แจ้งบั๊ก รับของ
A1: แจ้งบั๊ก รับของ
A2: วันที่จัดส่ง | B2: 46183 | C2: รายละเอียดกิจกรรม และของรางวัล | D2: ผู้รับผิดชอบการจัดส่ง | E2: ตัดรอบบิลส่งของ
A3: สถานะการจัดส่ง | B3: ⚙️ กำลังดำเนินการ | C3: คลิกอ่านรายละเอียด | D3: ทีมสีเหลือง | E3: ทุกวันพุธ
A5: ระยะเวลากดรับของรางวัล (สำหรับสีเหลือง) | B5: เริ่ม | C5: 10 มิ.ย. 69 เวลา 12.00 น.
B6: สิ้นสุด | C6: 17 มิ.ย. 69 เวลา 23.59 น.
A9: ของรางวัลกิจกรรมให้ยกเซิร์ฟ Reward Event รับหน้าเว็บ ได้รับทุกคน (All)
A13: Bundle
A14: 1341 | B14: Image | C14: Item ID | D14: Item EN | E14: Own Period | F14: Item Type | G14: Amount | H14: Total Price | I14: Image URL
A15: 1361 | B15: {=IFERROR(INDEX(Data!$A$4:$O1004, MATCH($D15, INDEX(Data!$A$4:$O1004, 0, MATCH("Item EN", Data!$A$3:$O$3, FALSE)), FALSE), MATCH("Image", Data!$A$3:$O$3, FALSE) ),"")} | C15: {=IFERROR(INDEX(Data!$A$4:$O1004, MATCH($D15, INDEX(Data!$A$4:$O1004, 0, MATCH("Item EN", Data!$A$3:$O$3, FALSE)), FALSE), MATCH("Item ID", Data!$A$3:$O$3, FALSE) ),"")} -> 101510 | D15: Bait | F15: {=IFERROR(INDEX(Data!$A$4:$O1004, MATCH($D15, INDEX(Data!$A$4:$O1004, 0, MATCH("Item EN", Data!$A$3:$O$3, FALSE)), FALSE), MATCH("Item Type", Data!$A$3:$O$3, FALSE) ),"")} -> Consumable | G15: 20 | H15: {=IF(G15="",,IFERROR(INDEX(Data!$A$4:$O1004, MATCH($D15, INDEX(Data!$A$4:$O1004, 0, MATCH("Item EN", Data!$A$3:$O$3, FALSE)), FALSE), MATCH("Price", Data!$A$3:$O$3, FALSE) ),"")*G15)} -> 20 | I15: {=IFERROR(INDEX(Data!$A$4:$O1004, MATCH($D15, INDEX(Data!$A$4:$O1004, 0, MATCH("Item EN", Data!$A$3:$O$3, FALSE)), FALSE), MATCH("Image URL", Data!$A$3:$O$3, FALSE) ),"")} -> https://cdn.exe.in.th/marketing/WarzTH_LE/Item%20Dict/bait_lv1.png
A16: 1183 | B16: {=IFERROR(INDEX(Data!$A$4:$O1004, MATCH($D16, INDEX(Data!$A$4:$O1004, 0, MATCH("Item EN", Data!$A$3:$O$3, FALSE)), FALSE), MATCH("Image", Data!$A$3:$O$3, FALSE) ),"")} | C16: {=IFERROR(INDEX(Data!$A$4:$O1004, MATCH($D16, INDEX(Data!$A$4:$O1004, 0, MATCH("Item EN", Data!$A$3:$O$3, FALSE)), FALSE), MATCH("Item ID", Data!$A$3:$O$3, FALSE) ),"")} -> 101336 | D16: Katana | F16: {=IFERROR(INDEX(Data!$A$4:$O1004, MATCH($D16, INDEX(Data!$A$4:$O1004, 0, MATCH("Item EN", Data!$A$3:$O$3, FALSE)), FALSE), MATCH("Item Type", Data!$A$3:$O$3, FALSE) ),"")} -> Weapon | G16: 1 | H16: {=IF(G16="",,IFERROR(INDEX(Data!$A$4:$O1004, MATCH($D16, INDEX(Data!$A$4:$O1004, 0, MATCH("Item EN", Data!$A$3:$O$3, FALSE)), FALSE), MATCH("Price", Data!$A$3:$O$3, FALSE) ),"")*G16)} -> 1.5 | I16: {=IFERROR(INDEX(Data!$A$4:$O1004, MATCH($D16, INDEX(Data!$A$4:$O1004, 0, MATCH("Item EN", Data!$A$3:$O$3, FALSE)), FALSE), MATCH("Image URL", Data!$A$3:$O$3, FALSE) ),"")} -> https://cdn.exe.in.th/marketing/WarzTH_LE/Item%20Dict/katana.png
A17: 1181 | B17: {=IFERROR(INDEX(Data!$A$4:$O1004, MATCH($D17, INDEX(Data!$A$4:$O1004, 0, MATCH("Item EN", Data!$A$3:$O$3, FALSE)), FALSE), MATCH("Image", Data!$A$3:$O$3, FALSE) ),"")} | C17: {=IFERROR(INDEX(Data!$A$4:$O1004, MATCH($D17, INDEX(Data!$A$4:$O1004, 0, MATCH("Item EN", Data!$A$3:$O$3, FALSE)), FALSE), MATCH("Item ID", Data!$A$3:$O$3, FALSE) ),"")} -> 20188 | D17: Night vision civilian | F17: {=IFERROR(INDEX(Data!$A$4:$O1004, MATCH($D17, INDEX(Data!$A$4:$O1004, 0, MATCH("Item EN", Data!$A$3:$O$3, FALSE)), FALSE), MATCH("Item Type", Data!$A$3:$O$3, FALSE) ),"")} -> Equipment | G17: 1 | H17: {=IF(G17="",,IFERROR(INDEX(Data!$A$4:$O1004, MATCH($D17, INDEX(Data!$A$4:$O1004, 0, MATCH("Item EN", Data!$A$3:$O$3, FALSE)), FALSE), MATCH("Price", Data!$A$3:$O$3, FALSE) ),"")*G17)} -> 1.5 | I17: {=IFERROR(INDEX(Data!$A$4:$O1004, MATCH($D17, INDEX(Data!$A$4:$O1004, 0, MATCH("Item EN", Data!$A$3:$O$3, FALSE)), FALSE), MATCH("Image URL", Data!$A$3:$O$3, FALSE) ),"")} -> https://cdn.exe.in.th/marketing/WarzTH_LE/Item%20Dict/night_vision_civilian.png
A18: 1193 | B18: {=IFERROR(INDEX(Data!$A$4:$O1004, MATCH($D18, INDEX(Data!$A$4:$O1004, 0, MATCH("Item EN", Data!$A$3:$O$3, FALSE)), FALSE), MATCH("Image", Data!$A$3:$O$3, FALSE) ),"")} | C18: {=IFERROR(INDEX(Data!$A$4:$O1004, MATCH($D18, INDEX(Data!$A$4:$O1004, 0, MATCH("Item EN", Data!$A$3:$O$3, FALSE)), FALSE), MATCH("Item ID", Data!$A$3:$O$3, FALSE) ),"")} -> 20056 | D18: MTV Forest | F18: {=IFERROR(INDEX(Data!$A$4:$O1004, MATCH($D18, INDEX(Data!$A$4:$O1004, 0, MATCH("Item EN", Data!$A$3:$O$3, FALSE)), FALSE), MATCH("Item Type", Data!$A$3:$O$3, FALSE) ),"")} -> Equipment | G18: 1 | H18: {=IF(G18="",,IFERROR(INDEX(Data!$A$4:$O1004, MATCH($D18, INDEX(Data!$A$4:$O1004, 0, MATCH("Item EN", Data!$A$3:$O$3, FALSE)), FALSE), MATCH("Price", Data!$A$3:$O$3, FALSE) ),"")*G18)} -> 1.5 | I18: {=IFERROR(INDEX(Data!$A$4:$O1004, MATCH($D18, INDEX(Data!$A$4:$O1004, 0, MATCH("Item EN", Data!$A$3:$O$3, FALSE)), FALSE), MATCH("Image URL", Data!$A$3:$O$3, FALSE) ),"")} -> https://cdn.exe.in.th/marketing/WarzTH_LE/Item%20Dict/mtv_forest.png
A19: 1180 | B19: {=IFERROR(INDEX(Data!$A$4:$O1004, MATCH($D19, INDEX(Data!$A$4:$O1004, 0, MATCH("Item EN", Data!$A$3:$O$3, FALSE)), FALSE), MATCH("Image", Data!$A$3:$O$3, FALSE) ),"")} | C19: {=IFERROR(INDEX(Data!$A$4:$O1004, MATCH($D19, INDEX(Data!$A$4:$O1004, 0, MATCH("Item EN", Data!$A$3:$O$3, FALSE)), FALSE), MATCH("Item ID", Data!$A$3:$O$3, FALSE) ),"")} -> 20179 | D19: Large Backpack | F19: {=IFERROR(INDEX(Data!$A$4:$O1004, MATCH($D19, INDEX(Data!$A$4:$O1004, 0, MATCH("Item EN", Data!$A$3:$O$3, FALSE)), FALSE), MATCH("Item Type", Data!$A$3:$O$3, FALSE) ),"")} -> Equipment | G19: 1 | H19: {=IF(G19="",,IFERROR(INDEX(Data!$A$4:$O1004, MATCH($D19, INDEX(Data!$A$4:$O1004, 0, MATCH("Item EN", Data!$A$3:$O$3, FALSE)), FALSE), MATCH("Price", Data!$A$3:$O$3, FALSE) ),"")*G19)} -> 2 | I19: {=IFERROR(INDEX(Data!$A$4:$O1004, MATCH($D19, INDEX(Data!$A$4:$O1004, 0, MATCH("Item EN", Data!$A$3:$O$3, FALSE)), FALSE), MATCH("Image URL", Data!$A$3:$O$3, FALSE) ),"")} -> https://cdn.exe.in.th/marketing/WarzTH_LE/Item%20Dict/large_backpack.png
A20: 1184 | B20: {=IFERROR(INDEX(Data!$A$4:$O1004, MATCH($D20, INDEX(Data!$A$4:$O1004, 0, MATCH("Item EN", Data!$A$3:$O$3, FALSE)), FALSE), MATCH("Image", Data!$A$3:$O$3, FALSE) ),"")} | C20: {=IFERROR(INDEX(Data!$A$4:$O1004, MATCH($D20, INDEX(Data!$A$4:$O1004, 0, MATCH("Item EN", Data!$A$3:$O$3, FALSE)), FALSE), MATCH("Item ID", Data!$A$3:$O$3, FALSE) ),"")} -> 101256 | D20: Antibiotics | F20: {=IFERROR(INDEX(Data!$A$4:$O1004, MATCH($D20, INDEX(Data!$A$4:$O1004, 0, MATCH("Item EN", Data!$A$3:$O$3, FALSE)), FALSE), MATCH("Item Type", Data!$A$3:$O$3, FALSE) ),"")} -> Consumable | G20: 5 | H20: {=IF(G20="",,IFERROR(INDEX(Data!$A$4:$O1004, MATCH($D20, INDEX(Data!$A$4:$O1004, 0, MATCH("Item EN", Data!$A$3:$O$3, FALSE)), FALSE), MATCH("Price", Data!$A$3:$O$3, FALSE) ),"")*G20)} -> 2.5 | I20: {=IFERROR(INDEX(Data!$A$4:$O1004, MATCH($D20, INDEX(Data!$A$4:$O1004, 0, MATCH("Item EN", Data!$A$3:$O$3, FALSE)), FALSE), MATCH("Image URL", Data!$A$3:$O$3, FALSE) ),"")} -> https://cdn.exe.in.th/marketing/WarzTH_LE/Item%20Dict/anitibiotics.png
A21: 1187 | B21: {=IFERROR(INDEX(Data!$A$4:$O1004, MATCH($D21, INDEX(Data!$A$4:$O1004, 0, MATCH("Item EN", Data!$A$3:$O$3, FALSE)), FALSE), MATCH("Image", Data!$A$3:$O$3, FALSE) ),"")} | C21: {=IFERROR(INDEX(Data!$A$4:$O1004, MATCH($D21, INDEX(Data!$A$4:$O1004, 0, MATCH("Item EN", Data!$A$3:$O$3, FALSE)), FALSE), MATCH("Item ID", Data!$A$3:$O$3, FALSE) ),"")} -> 101284 | D21: Bag MRE | F21: {=IFERROR(INDEX(Data!$A$4:$O1004, MATCH($D21, INDEX(Data!$A$4:$O1004, 0, MATCH("Item EN", Data!$A$3:$O$3, FALSE)), FALSE), MATCH("Item Type", Data!$A$3:$O$3, FALSE) ),"")} -> Consumable | G21: 2 | H21: {=IF(G21="",,IFERROR(INDEX(Data!$A$4:$O1004, MATCH($D21, INDEX(Data!$A$4:$O1004, 0, MATCH("Item EN", Data!$A$3:$O$3, FALSE)), FALSE), MATCH("Price", Data!$A$3:$O$3, FALSE) ),"")*G21)} -> 2 | I21: {=IFERROR(INDEX(Data!$A$4:$O1004, MATCH($D21, INDEX(Data!$A$4:$O1004, 0, MATCH("Item EN", Data!$A$3:$O$3, FALSE)), FALSE), MATCH("Image URL", Data!$A$3:$O$3, FALSE) ),"")} -> https://cdn.exe.in.th/marketing/WarzTH_LE/Item%20Dict/mre.png
A22: 1188 | B22: {=IFERROR(INDEX(Data!$A$4:$O1004, MATCH($D22, INDEX(Data!$A$4:$O1004, 0, MATCH("Item EN", Data!$A$3:$O$3, FALSE)), FALSE), MATCH("Image", Data!$A$3:$O$3, FALSE) ),"")} | C22: {=IFERROR(INDEX(Data!$A$4:$O1004, MATCH($D22, INDEX(Data!$A$4:$O1004, 0, MATCH("Item EN", Data!$A$3:$O$3, FALSE)), FALSE), MATCH("Item ID", Data!$A$3:$O$3, FALSE) ),"")} -> 101295 | D22: Electro-AID | F22: {=IFERROR(INDEX(Data!$A$4:$O1004, MATCH($D22, INDEX(Data!$A$4:$O1004, 0, MATCH("Item EN", Data!$A$3:$O$3, FALSE)), FALSE), MATCH("Item Type", Data!$A$3:$O$3, FALSE) ),"")} -> Consumable | G22: 2 | H22: {=IF(G22="",,IFERROR(INDEX(Data!$A$4:$O1004, MATCH($D22, INDEX(Data!$A$4:$O1004, 0, MATCH("Item EN", Data!$A$3:$O$3, FALSE)), FALSE), MATCH("Price", Data!$A$3:$O$3, FALSE) ),"")*G22)} -> 5 | I22: {=IFERROR(INDEX(Data!$A$4:$O1004, MATCH($D22, INDEX(Data!$A$4:$O1004, 0, MATCH("Item EN", Data!$A$3:$O$3, FALSE)), FALSE), MATCH("Image URL", Data!$A$3:$O$3, FALSE) ),"")} -> https://cdn.exe.in.th/marketing/WarzTH_LE/Item%20Dict/electro_aid.png

Sheet 💛 ปราบบอสพี่อู๋
A1: ปราบบอสพี่อู๋
A2: วันที่จัดส่ง | B2: 46183 | C2: รายละเอียดกิจกรรม และของรางวัล | D2: ผู้รับผิดชอบการจัดส่ง | E2: ตัดรอบบิลส่งของ
A3: สถานะการจัดส่ง | B3: ⚙️ กำลังดำเนินการ | C3: คลิกอ่านรายละเอียด | D3: ทีมสีเหลือง | E3: ทุกวันพุธ
A5: ระยะเวลาไอเทมโค้ด | B5: เริ่ม | C5: 10 มิ.ย. 69 เวลา 12.00 น.
B6: สิ้นสุด | C6: 17 มิ.ย. 69 เวลา 23.59 น.
B7: - 1 ไอดี เติม item code ได้เพียง 1 ครั้ง ไม่สามารถเติมซ้ำได้
A10: ITEM CODE : ZELFURXWARZTH
A14: Bundle | B14: รอเทส
A15: 1351 | B15: Image | C15: Item ID | D15: Item EN | E15: Own Period | F15: Item Type | G15: Amount | H15: Total Price | I15: Image URL
A16: 1215 | B16: {=IFERROR(INDEX(Data!$A$4:$O949,MATCH(INDIRECT("D"&ROW()),INDEX(Data!$A$4:$O949,0,MATCH("Item EN",Data!$A$3:$O$3,FALSE)),FALSE),MATCH("Image",Data!$A$3:$O$3,FALSE)),"")} | C16: 101022 | D16: AK-74M | F16: Weapon | G16: 1 | H16: 4 | I16: https://cdn.exe.in.th/marketing/WarzTH_LE/Item%20Dict/ak_74m.png
A17: 1214 | B17: {=IFERROR(INDEX(Data!$A$4:$O949,MATCH(INDIRECT("D"&ROW()),INDEX(Data!$A$4:$O949,0,MATCH("Item EN",Data!$A$3:$O$3,FALSE)),FALSE),MATCH("Image",Data!$A$3:$O$3,FALSE)),"")} | C17: 400100 | D17: 5.45 AK Drum | F17: Ammo | G17: 2 | H17: 3 | I17: https://cdn.exe.in.th/marketing/WarzTH_LE/Item%20Dict/5.45AK_drum.png
A18: 1183 | B18: {=IFERROR(INDEX(Data!$A$4:$O949,MATCH(INDIRECT("D"&ROW()),INDEX(Data!$A$4:$O949,0,MATCH("Item EN",Data!$A$3:$O$3,FALSE)),FALSE),MATCH("Image",Data!$A$3:$O$3,FALSE)),"")} | C18: 101336 | D18: Katana | F18: Weapon | G18: 1 | H18: 1.5 | I18: https://cdn.exe.in.th/marketing/WarzTH_LE/Item%20Dict/katana.png
A19: 1210 | B19: {=IFERROR(INDEX(Data!$A$4:$O949,MATCH(INDIRECT("D"&ROW()),INDEX(Data!$A$4:$O949,0,MATCH("Item EN",Data!$A$3:$O$3,FALSE)),FALSE),MATCH("Image",Data!$A$3:$O$3,FALSE)),"")} | C19: 20006 | D19: M9 Helmet Forest 1 | F19: Equipment | G19: 1 | H19: 1.5 | I19: https://cdn.exe.in.th/marketing/WarzTH_LE/Item%20Dict/k._style_helmet.png
A20: 1208 | B20: {=IFERROR(INDEX(Data!$A$4:$O949,MATCH(INDIRECT("D"&ROW()),INDEX(Data!$A$4:$O949,0,MATCH("Item EN",Data!$A$3:$O$3,FALSE)),FALSE),MATCH("Image",Data!$A$3:$O$3,FALSE)),"")} | C20: 20015 | D20: MTV Forest | F20: Equipment | G20: 1 | H20: 1.5 | I20: https://cdn.exe.in.th/marketing/WarzTH_LE/Item%20Dict/custom_guerilla.png
A21: 1212 | B21: {=IFERROR(INDEX(Data!$A$4:$O949,MATCH(INDIRECT("D"&ROW()),INDEX(Data!$A$4:$O949,0,MATCH("Item EN",Data!$A$3:$O$3,FALSE)),FALSE),MATCH("Image",Data!$A$3:$O$3,FALSE)),"")} | C21: 101262 | D21: Antibiotics | F21: Consumable | G21: 3 | H21: 2.4 | I21: https://cdn.exe.in.th/marketing/WarzTH_LE/Item%20Dict/bandages_dx.png
G22: รวม | H22: 13.9

Sheet 💛แคปสิทธิ์ผู้รอดชีวิต
A1: แคปสิทธิ์ผู้รอดชีวิต
A2: วันที่จัดส่ง | B2: 46183 | C2: รายละเอียดกิจกรรม และของรางวัล | D2: ผู้รับผิดชอบการจัดส่ง | E2: ตัดรอบบิลส่งของ
A3: สถานะการจัดส่ง | B3: ⚙️ กำลังดำเนินการ | C3: คลิกอ่านรายละเอียด | D3: ทีมสีเหลือง | E3: ทุกวันพุธ
A5: ระยะเวลากดรับของรางวัล (สำหรับสีเหลือง) | B5: เริ่ม | C5: 10 มิ.ย. 69 เวลา 12.00 น.
B6: สิ้นสุด | C6: 17 มิ.ย. 69 เวลา 23.59 น.
I7: สร้างอีเวนท์แล้ว
A8: NO. | B8: Reward | C8: Facebook | D8: UID | E8: วิธีการรับรางวัล | F8: สถานะการจัดส่ง | I8: Bundle | J8: สำหรับคนที่ทำถูกต้องตามกติกา 200 รางวัล
A9: 1 | B9: 🕹 Lucky Draw | C9: Sarada Ken | D9: 024VHD | E9: 🌐 เว็บไซต์ | F9: ✅ จัดส่งแล้ว | I9: 1154
A10: 2 | B10: 🕹 Lucky Draw | C10: Toffy Ananporn | D10: R2G5E5 | E10: 🌐 เว็บไซต์ | F10: ✅ จัดส่งแล้ว | I10: เทส In-gameแล้ว | J10: Image | K10: Item ID | L10: Item EN | M10: Own Period | N10: Item Type | O10: Amount | P10: Total Price | Q10: Image URL
A11: 3 | B11: 🕹 Lucky Draw | C11: Bucha Ngernma | D11: XB9Y20 | E11: 🌐 เว็บไซต์ | F11: ✅ จัดส่งแล้ว | I11: 1205 | J11: {=IFERROR(INDEX(Data!$A$4:$O1003, MATCH($L11, INDEX(Data!$A$4:$O1003, 0, MATCH("Item EN", Data!$A$3:$O$3, FALSE)), FALSE), MATCH("Image", Data!$A$3:$O$3, FALSE) ),"")} | K11: {=IFERROR(INDEX(Data!$A$4:$O1003, MATCH($L11, INDEX(Data!$A$4:$O1003, 0, MATCH("Item EN", Data!$A$3:$O$3, FALSE)), FALSE), MATCH("Item ID", Data!$A$3:$O$3, FALSE) ),"")} -> 101002 | L11: M16 | N11: {=IFERROR(INDEX(Data!$A$4:$O1003, MATCH($L11, INDEX(Data!$A$4:$O1003, 0, MATCH("Item EN", Data!$A$3:$O$3, FALSE)), FALSE), MATCH("Item Type", Data!$A$3:$O$3, FALSE) ),"")} -> Weapon | O11: 1 | P11: {=IF(O11="",,IFERROR(INDEX(Data!$A$4:$O1003, MATCH($L11, INDEX(Data!$A$4:$O1003, 0, MATCH("Item EN", Data!$A$3:$O$3, FALSE)), FALSE), MATCH("Price", Data!$A$3:$O$3, FALSE) ),"")*O11)} -> 4 | Q11: {=IFERROR(INDEX(Data!$A$4:$O1003, MATCH($L11, INDEX(Data!$A$4:$O1003, 0, MATCH("Item EN", Data!$A$3:$O$3, FALSE)), FALSE), MATCH("Image URL", Data!$A$3:$O$3, FALSE) ),"")} -> https://cdn.exe.in.th/marketing/WarzTH_LE/Item%20Dict/m16.png
A12: 4 | B12: 🕹 Lucky Draw | C12: Kobayashi Malajuu | D12: 5VD4O6 | E12: 🌐 เว็บไซต์ | F12: ✅ จัดส่งแล้ว | I12: 1206 | J12: {=IFERROR(INDEX(Data!$A$4:$O1003, MATCH($L12, INDEX(Data!$A$4:$O1003, 0, MATCH("Item EN", Data!$A$3:$O$3, FALSE)), FALSE), MATCH("Image", Data!$A$3:$O$3, FALSE) ),"")} | K12: {=IFERROR(INDEX(Data!$A$4:$O1003, MATCH($L12, INDEX(Data!$A$4:$O1003, 0, MATCH("Item EN", Data!$A$3:$O$3, FALSE)), FALSE), MATCH("Item ID", Data!$A$3:$O$3, FALSE) ),"")} -> 400010 | L12: STANAG 60 | N12: {=IFERROR(INDEX(Data!$A$4:$O1003, MATCH($L12, INDEX(Data!$A$4:$O1003, 0, MATCH("Item EN", Data!$A$3:$O$3, FALSE)), FALSE), MATCH("Item Type", Data!$A$3:$O$3, FALSE) ),"")} -> Ammo | O12: 2 | P12: {=IF(O12="",,IFERROR(INDEX(Data!$A$4:$O1003, MATCH($L12, INDEX(Data!$A$4:$O1003, 0, MATCH("Item EN", Data!$A$3:$O$3, FALSE)), FALSE), MATCH("Price", Data!$A$3:$O$3, FALSE) ),"")*O12)} -> 2 | Q12: {=IFERROR(INDEX(Data!$A$4:$O1003, MATCH($L12, INDEX(Data!$A$4:$O1003, 0, MATCH("Item EN", Data!$A$3:$O$3, FALSE)), FALSE), MATCH("Image URL", Data!$A$3:$O$3, FALSE) ),"")} -> https://cdn.exe.in.th/marketing/WarzTH_LE/Item%20Dict/stanag_60.png
A13: 5 | B13: 🕹 Lucky Draw | C13: Kongphop Dangngam | D13: 7A0XU4 | E13: 🌐 เว็บไซต์ | F13: ✅ จัดส่งแล้ว | I13: 1207 | J13: {=IFERROR(INDEX(Data!$A$4:$O1003, MATCH($L13, INDEX(Data!$A$4:$O1003, 0, MATCH("Item EN", Data!$A$3:$O$3, FALSE)), FALSE), MATCH("Image", Data!$A$3:$O$3, FALSE) ),"")} | K13: {=IFERROR(INDEX(Data!$A$4:$O1003, MATCH($L13, INDEX(Data!$A$4:$O1003, 0, MATCH("Item EN", Data!$A$3:$O$3, FALSE)), FALSE), MATCH("Item ID", Data!$A$3:$O$3, FALSE) ),"")} -> 20067 | L13: K Style NVG | N13: {=IFERROR(INDEX(Data!$A$4:$O1003, MATCH($L13, INDEX(Data!$A$4:$O1003, 0, MATCH("Item EN", Data!$A$3:$O$3, FALSE)), FALSE), MATCH("Item Type", Data!$A$3:$O$3, FALSE) ),"")} -> Equipment | O13: 1 | P13: {=IF(O13="",,IFERROR(INDEX(Data!$A$4:$O1003, MATCH($L13, INDEX(Data!$A$4:$O1003, 0, MATCH("Item EN", Data!$A$3:$O$3, FALSE)), FALSE), MATCH("Price", Data!$A$3:$O$3, FALSE) ),"")*O13)} -> 2 | Q13: {=IFERROR(INDEX(Data!$A$4:$O1003, MATCH($L13, INDEX(Data!$A$4:$O1003, 0, MATCH("Item EN", Data!$A$3:$O$3, FALSE)), FALSE), MATCH("Image URL", Data!$A$3:$O$3, FALSE) ),"")} -> https://cdn.exe.in.th/marketing/WarzTH_LE/Item%20Dict/nvg_goggles.png
A14: 6 | B14: 🕹 Lucky Draw | C14: รินเน่ นักตอกข้ามจักรวาล | D14: J8T2R9 | E14: 🌐 เว็บไซต์ | F14: ✅ จัดส่งแล้ว | I14: 1208 | J14: {=IFERROR(INDEX(Data!$A$4:$O1003, MATCH($L14, INDEX(Data!$A$4:$O1003, 0, MATCH("Item EN", Data!$A$3:$O$3, FALSE)), FALSE), MATCH("Image", Data!$A$3:$O$3, FALSE) ),"")} | K14: {=IFERROR(INDEX(Data!$A$4:$O1003, MATCH($L14, INDEX(Data!$A$4:$O1003, 0, MATCH("Item EN", Data!$A$3:$O$3, FALSE)), FALSE), MATCH("Item ID", Data!$A$3:$O$3, FALSE) ),"")} -> 20015 | L14: Custom Guerilla | N14: {=IFERROR(INDEX(Data!$A$4:$O1003, MATCH($L14, INDEX(Data!$A$4:$O1003, 0, MATCH("Item EN", Data!$A$3:$O$3, FALSE)), FALSE), MATCH("Item Type", Data!$A$3:$O$3, FALSE) ),"")} -> Equipment | O14: 1 | P14: {=IF(O14="",,IFERROR(INDEX(Data!$A$4:$O1003, MATCH($L14, INDEX(Data!$A$4:$O1003, 0, MATCH("Item EN", Data!$A$3:$O$3, FALSE)), FALSE), MATCH("Price", Data!$A$3:$O$3, FALSE) ),"")*O14)} -> 1.5 | Q14: {=IFERROR(INDEX(Data!$A$4:$O1003, MATCH($L14, INDEX(Data!$A$4:$O1003, 0, MATCH("Item EN", Data!$A$3:$O$3, FALSE)), FALSE), MATCH("Image URL", Data!$A$3:$O$3, FALSE) ),"")} -> https://cdn.exe.in.th/marketing/WarzTH_LE/Item%20Dict/custom_guerilla.png
A15: 7 | B15: 🕹 Lucky Draw | C15: Chayantorn Muangkrung | D15: 2S5P5C | E15: 🌐 เว็บไซต์ | F15: ✅ จัดส่งแล้ว | I15: 1209 | J15: {=IFERROR(INDEX(Data!$A$4:$O1003, MATCH($L15, INDEX(Data!$A$4:$O1003, 0, MATCH("Item EN", Data!$A$3:$O$3, FALSE)), FALSE), MATCH("Image", Data!$A$3:$O$3, FALSE) ),"")} | K15: {=IFERROR(INDEX(Data!$A$4:$O1003, MATCH($L15, INDEX(Data!$A$4:$O1003, 0, MATCH("Item EN", Data!$A$3:$O$3, FALSE)), FALSE), MATCH("Item ID", Data!$A$3:$O$3, FALSE) ),"")} -> 20185 | L15: ALICE Rucksack | N15: {=IFERROR(INDEX(Data!$A$4:$O1003, MATCH($L15, INDEX(Data!$A$4:$O1003, 0, MATCH("Item EN", Data!$A$3:$O$3, FALSE)), FALSE), MATCH("Item Type", Data!$A$3:$O$3, FALSE) ),"")} -> Equipment | O15: 1 | P15: {=IF(O15="",,IFERROR(INDEX(Data!$A$4:$O1003, MATCH($L15, INDEX(Data!$A$4:$O1003, 0, MATCH("Item EN", Data!$A$3:$O$3, FALSE)), FALSE), MATCH("Price", Data!$A$3:$O$3, FALSE) ),"")*O15)} -> 2.5 | Q15: {=IFERROR(INDEX(Data!$A$4:$O1003, MATCH($L15, INDEX(Data!$A$4:$O1003, 0, MATCH("Item EN", Data!$A$3:$O$3, FALSE)), FALSE), MATCH("Image URL", Data!$A$3:$O$3, FALSE) ),"")} -> https://cdn.exe.in.th/marketing/WarzTH_LE/Item%20Dict/alice_rucksack.png
A16: 8 | B16: 🕹 Lucky Draw | C16: Thanus Samermuan | D16: 54OBI9 | E16: 🌐 เว็บไซต์ | F16: ✅ จัดส่งแล้ว | I16: 1187 | J16: {=IFERROR(INDEX(Data!$A$4:$O1003, MATCH($L16, INDEX(Data!$A$4:$O1003, 0, MATCH("Item EN", Data!$A$3:$O$3, FALSE)), FALSE), MATCH("Image", Data!$A$3:$O$3, FALSE) ),"")} | K16: {=IFERROR(INDEX(Data!$A$4:$O1003, MATCH($L16, INDEX(Data!$A$4:$O1003, 0, MATCH("Item EN", Data!$A$3:$O$3, FALSE)), FALSE), MATCH("Item ID", Data!$A$3:$O$3, FALSE) ),"")} -> 101284 | L16: Bag MRE | N16: {=IFERROR(INDEX(Data!$A$4:$O1003, MATCH($L16, INDEX(Data!$A$4:$O1003, 0, MATCH("Item EN", Data!$A$3:$O$3, FALSE)), FALSE), MATCH("Item Type", Data!$A$3:$O$3, FALSE) ),"")} -> Consumable | O16: 1 | P16: {=IF(O16="",,IFERROR(INDEX(Data!$A$4:$O1003, MATCH($L16, INDEX(Data!$A$4:$O1003, 0, MATCH("Item EN", Data!$A$3:$O$3, FALSE)), FALSE), MATCH("Price", Data!$A$3:$O$3, FALSE) ),"")*O16)} -> 1 | Q16: {=IFERROR(INDEX(Data!$A$4:$O1003, MATCH($L16, INDEX(Data!$A$4:$O1003, 0, MATCH("Item EN", Data!$A$3:$O$3, FALSE)), FALSE), MATCH("Image URL", Data!$A$3:$O$3, FALSE) ),"")} -> https://cdn.exe.in.th/marketing/WarzTH_LE/Item%20Dict/mre.png
A17: 9 | B17: 🕹 Lucky Draw | C17: Boyyang Thinnakorn | D17: 8M29RO | E17: 🌐 เว็บไซต์ | F17: ✅ จัดส่งแล้ว | I17: 1188 | J17: {=IFERROR(INDEX(Data!$A$4:$O1003, MATCH($L17, INDEX(Data!$A$4:$O1003, 0, MATCH("Item EN", Data!$A$3:$O$3, FALSE)), FALSE), MATCH("Image", Data!$A$3:$O$3, FALSE) ),"")} | K17: {=IFERROR(INDEX(Data!$A$4:$O1003, MATCH($L17, INDEX(Data!$A$4:$O1003, 0, MATCH("Item EN", Data!$A$3:$O$3, FALSE)), FALSE), MATCH("Item ID", Data!$A$3:$O$3, FALSE) ),"")} -> 101295 | L17: Electro-AID | N17: {=IFERROR(INDEX(Data!$A$4:$O1003, MATCH($L17, INDEX(Data!$A$4:$O1003, 0, MATCH("Item EN", Data!$A$3:$O$3, FALSE)), FALSE), MATCH("Item Type", Data!$A$3:$O$3, FALSE) ),"")} -> Consumable | O17: 2 | P17: {=IF(O17="",,IFERROR(INDEX(Data!$A$4:$O1003, MATCH($L17, INDEX(Data!$A$4:$O1003, 0, MATCH("Item EN", Data!$A$3:$O$3, FALSE)), FALSE), MATCH("Price", Data!$A$3:$O$3, FALSE) ),"")*O17)} -> 5 | Q17: {=IFERROR(INDEX(Data!$A$4:$O1003, MATCH($L17, INDEX(Data!$A$4:$O1003, 0, MATCH("Item EN", Data!$A$3:$O$3, FALSE)), FALSE), MATCH("Image URL", Data!$A$3:$O$3, FALSE) ),"")} -> https://cdn.exe.in.th/marketing/WarzTH_LE/Item%20Dict/electro_aid.png
A18: 10 | B18: 🕹 Lucky Draw | C18: Jeerapath Kijmee | D18: G5V63I | E18: 🌐 เว็บไซต์ | F18: ✅ จัดส่งแล้ว | I18: 1184 | J18: {=IFERROR(INDEX(Data!$A$4:$O1003, MATCH($L18, INDEX(Data!$A$4:$O1003, 0, MATCH("Item EN", Data!$A$3:$O$3, FALSE)), FALSE), MATCH("Image", Data!$A$3:$O$3, FALSE) ),"")} | K18: {=IFERROR(INDEX(Data!$A$4:$O1003, MATCH($L18, INDEX(Data!$A$4:$O1003, 0, MATCH("Item EN", Data!$A$3:$O$3, FALSE)), FALSE), MATCH("Item ID", Data!$A$3:$O$3, FALSE) ),"")} -> 101256 | L18: Antibiotics | N18: {=IFERROR(INDEX(Data!$A$4:$O1003, MATCH($L18, INDEX(Data!$A$4:$O1003, 0, MATCH("Item EN", Data!$A$3:$O$3, FALSE)), FALSE), MATCH("Item Type", Data!$A$3:$O$3, FALSE) ),"")} -> Consumable | O18: 3 | P18: {=IF(O18="",,IFERROR(INDEX(Data!$A$4:$O1003, MATCH($L18, INDEX(Data!$A$4:$O1003, 0, MATCH("Item EN", Data!$A$3:$O$3, FALSE)), FALSE), MATCH("Price", Data!$A$3:$O$3, FALSE) ),"")*O18)} -> 1.5 | Q18: {=IFERROR(INDEX(Data!$A$4:$O1003, MATCH($L18, INDEX(Data!$A$4:$O1003, 0, MATCH("Item EN", Data!$A$3:$O$3, FALSE)), FALSE), MATCH("Image URL", Data!$A$3:$O$3, FALSE) ),"")} -> https://cdn.exe.in.th/marketing/WarzTH_LE/Item%20Dict/anitibiotics.png
A19: 11 | B19: 🕹 Lucky Draw | C19: Yodpetch Amphanthong | D19: I3G1X7 | E19: 🌐 เว็บไซต์ | F19: ✅ จัดส่งแล้ว
A20: 12 | B20: 🕹 Lucky Draw | C20: กุลวัชร สุขเจริญ | D20: EI3E19 | E20: 🌐 เว็บไซต์ | F20: ✅ จัดส่งแล้ว
A21: 13 | B21: 🕹 Lucky Draw | C21: Wi'saruť Ĺÿp | D21: 1C19PH | E21: 🌐 เว็บไซต์ | F21: ✅ จัดส่งแล้ว
A22: 14 | B22: 🕹 Lucky Draw | C22: Nattawut Jukkrathok | D22: 0J83SU | E22: 🌐 เว็บไซต์ | F22: ✅ จัดส่งแล้ว
A23: 15 | B23: 🕹 Lucky Draw | C23: Phuwanat Aerdrad | D23: Y9P89C | E23: 🌐 เว็บไซต์ | F23: ✅ จัดส่งแล้ว
A24: 16 | B24: 🕹 Lucky Draw | C24: Natthapong Rujikunrat | D24: 4Q3Q5W | E24: 🌐 เว็บไซต์ | F24: ✅ จัดส่งแล้ว
A25: 17 | B25: 🕹 Lucky Draw | C25: Astral Imperial | D25: YW4P27 | E25: 🌐 เว็บไซต์ | F25: ✅ จัดส่งแล้ว
A26: 18 | B26: 🕹 Lucky Draw | C26: Thanayut Thanalamlerdkul | D26: 42J3RM | E26: 🌐 เว็บไซต์ | F26: ✅ จัดส่งแล้ว
A27: 19 | B27: 🕹 Lucky Draw | C27: Patiphon Paenhuai | D27: 2AQ9K9 | E27: 🌐 เว็บไซต์ | F27: ✅ จัดส่งแล้ว
A28: 20 | B28: 🕹 Lucky Draw | C28: Napat Wuttisan | D28: NT1O25 | E28: 🌐 เว็บไซต์ | F28: ✅ จัดส่งแล้ว
A29: 21 | B29: 🕹 Lucky Draw | C29: Saran Madwangsaeng | D29: YQ844M | E29: 🌐 เว็บไซต์ | F29: ✅ จัดส่งแล้ว
A30: 22 | B30: 🕹 Lucky Draw | C30: บอม ฟักทอง | D30: XA687J | E30: 🌐 เว็บไซต์ | F30: ✅ จัดส่งแล้ว
... A94: 86 | B94: 🕹 Lucky Draw | C94: ก็เหมือนลม ถึงจะมองไม่เห็น แต่ก็รู้สึกได้ | D94: 1DZD03 | E94: 🌐 เว็บไซต์ | F94: ✅ จัดส่งแล้ว
A95: 87 | B95: 🕹 Lucky Draw | C95: Anu Sorn | D95: DISLOW | E95: 🌐 เว็บไซต์ | F95: ⚙️ กำลังดำเนินการ | H95: แอดไม่ได้
A96: 88 | B96: 🕹 Lucky Draw | C96: Nuttapob Nawanapakul | D96: Z55CI0 | E96: 🌐 เว็บไซต์ | F96: ✅ จัดส่งแล้ว
A97: 89 | B97: 🕹 Lucky Draw | C97: Anucha Keanjaturad | D97: JL304Y | E97: 🌐 เว็บไซต์ | F97: ✅ จัดส่งแล้ว
A98: 90 | B98: 🕹 Lucky Draw | C98: Kaewummarin Kongsuk | D98: J99W8T | E98: 🌐 เว็บไซต์ | F98: ✅ จัดส่งแล้ว
A99: 91 | B99: 🕹 Lucky Draw | C99: Pipat Teantuptim | D99: GE1K85 | E99: 🌐 เว็บไซต์ | F99: ✅ จัดส่งแล้ว
A100: 92 | B100: 🕹 Lucky Draw | C100: Pongpatt Chantanapho | D100: 0OG3N8 | E100: 🌐 เว็บไซต์ | F100: ✅ จัดส่งแล้ว
A101: 93 | B101: 🕹 Lucky Draw | C101: Arawan Thoatankham | D101: JX99F9 | E101: 🌐 เว็บไซต์ | F101: ✅ จัดส่งแล้ว
A102: 94 | B102: 🕹 Lucky Draw | C102: Jui Na Ja | D102: HFL131 | E102: 🌐 เว็บไซต์ | F102: ✅ จัดส่งแล้ว
A103: 95 | B103: 🕹 Lucky Draw | C103: Chakatphon Vatsuntron | D103: R783PN | E103: 🌐 เว็บไซต์ | F103: ✅ จัดส่งแล้ว
A104: 96 | B104: 🕹 Lucky Draw | C104: Saran Khamla | D104: GX8A47 | E104: 🌐 เว็บไซต์ | F104: ⚙️ กำลังดำเนินการ | H104: แอดไม่ได้
A105: 97 | B105: 🕹 Lucky Draw | C105: Sorawit Kawklang | D105: 27G5XS | E105: 🌐 เว็บไซต์ | F105: ✅ จัดส่งแล้ว
A106: 98 | B106: 🕹 Lucky Draw | C106: Max Sittirat | D106: V68A7E | E106: 🌐 เว็บไซต์ | F106: ✅ จัดส่งแล้ว
A107: 99 | B107: 🕹 Lucky Draw | C107: อนุสรณ์ พิเชฐกร | D107: JX81X8 | E107: 🌐 เว็บไซต์ | F107: ✅ จัดส่งแล้ว
A108: 100 | B108: 🕹 Lucky Draw | C108: Ton MiMx | D108: T4Y62N | E108: 🌐 เว็บไซต์ | F108: ✅ จัดส่งแล้ว
A109: 101 | B109: 🕹 Lucky Draw | C109: Owen Tanakorn | D109: MX116I | E109: 🌐 เว็บไซต์ | F109: ✅ จัดส่งแล้ว
A110: 102 | B110: 🕹 Lucky Draw | C110: Sahapol S. Scaletta | D110: ZFA132 | E110: 🌐 เว็บไซต์ | F110: ✅ จัดส่งแล้ว
A111: 103 | B111: 🕹 Lucky Draw | C111: Natthapong Chaiyasit | D111: V39S9K | E111: 🌐 เว็บไซต์ | F111: ✅ จัดส่งแล้ว
A112: 104 | B112: 🕹 Lucky Draw | C112: Napadol Kongsomboon | D112: 11Z7FX | E112: 🌐 เว็บไซต์ | F112: ✅ จัดส่งแล้ว
A113: 105 | B113: 🕹 Lucky Draw | C113: Siwakorn Phetsuriyawong | D113: 04N9ER | E113: 🌐 เว็บไซต์ | F113: ✅ จัดส่งแล้ว
A114: 106 | B114: 🕹 Lucky Draw | C114: Thanakorn Wongsawang | D114: 16VBQ5 | E114: 🌐 เว็บไซต์ | F114: ✅ จัดส่งแล้ว
A115: 107 | B115: 🕹 Lucky Draw | C115: Ponpet Kaewwongsa | D115: R69V3J | E115: 🌐 เว็บไซต์ | F115: ✅ จัดส่งแล้ว
A116: 108 | B116: 🕹 Lucky Draw | C116: Itthidech Sawangchaeng | D116: 3L0IB9 | E116: 🌐 เว็บไซต์ | F116: ✅ จัดส่งแล้ว
... A141: 133 | B141: 🕹 Lucky Draw | C141: Thiphakon Pawaputanon | D141: Z8K7D5 | E141: 🌐 เว็บไซต์ | F141: ✅ จัดส่งแล้ว
A142: 134 | B142: 🕹 Lucky Draw | C142: Arnupap Rachatumma | D142: 6M2P70 | E142: 🌐 เว็บไซต์ | F142: ⚙️ กำลังดำเนินการ | H142: แอดไม่ได้
A143: 135 | B143: 🕹 Lucky Draw | C143: เกรียงไกร รอบเมือง | D143: 1N2NF3 | E143: 🌐 เว็บไซต์ | F143: ✅ จัดส่งแล้ว
A144: 136 | B144: 🕹 Lucky Draw | C144: Chonchanok Best Pisorom | D144: X60P8Z | E144: 🌐 เว็บไซต์ | F144: ✅ จัดส่งแล้ว
A145: 137 | B145: 🕹 Lucky Draw | C145: Tanaphon Promkhampa | D145: PK645K | E145: 🌐 เว็บไซต์ | F145: ✅ จัดส่งแล้ว
A146: 138 | B146: 🕹 Lucky Draw | C146: Tap Sutee WanQwen | D146: 9E54JP | E146: 🌐 เว็บไซต์ | F146: ✅ จัดส่งแล้ว
A147: 139 | B147: 🕹 Lucky Draw | C147: Settawut Fy | D147: 157WTL | E147: 🌐 เว็บไซต์ | F147: ✅ จัดส่งแล้ว
A148: 140 | B148: 🕹 Lucky Draw | C148: Phanupong Tle | D148: TV4P78 | E148: 🌐 เว็บไซต์ | F148: ✅ จัดส่งแล้ว
A149: 141 | B149: 🕹 Lucky Draw | C149: Tummarut Asuchiwa | D149: 618SFK | E149: 🌐 เว็บไซต์ | F149: ✅ จัดส่งแล้ว
A150: 142 | B150: 🕹 Lucky Draw | C150: Wittawatchai Boonnak | D150: 679LHQ | E150: 🌐 เว็บไซต์ | F150: ✅ จัดส่งแล้ว
A151: 143 | B151: 🕹 Lucky Draw | C151: Kiattisak Artsanthia | D151: U6RE79 | E151: 🌐 เว็บไซต์ | F151: ✅ จัดส่งแล้ว
A152: 144 | B152: 🕹 Lucky Draw | C152: Worachot Mooljino | D152: XW335Y | E152: 🌐 เว็บไซต์ | F152: ✅ จัดส่งแล้ว
A153: 145 | B153: 🕹 Lucky Draw | C153: Zee Nithikorn | D153: 5GMS13 | E153: 🌐 เว็บไซต์ | F153: ✅ จัดส่งแล้ว
A154: 146 | B154: 🕹 Lucky Draw | C154: ธนโชติ นันทะเพ็ชร | D154: QJ267A | E154: 🌐 เว็บไซต์ | F154: ✅ จัดส่งแล้ว
... A166: 158 | B166: 🕹 Lucky Draw | C166: กำ กวนตีน | D166: 58C1EO | E166: 🌐 เว็บไซต์ | F166: ✅ จัดส่งแล้ว
A167: 159 | B167: 🕹 Lucky Draw | C167: Zunny Goon | D167: 58C1EO | E167: 🌐 เว็บไซต์ | F167: ⚙️ กำลังดำเนินการ | H167: ชื่อซ้ำ
A168: 160 | B168: 🕹 Lucky Draw | C168: Chudmongkon Pinadpai | D168: VQP260 | E168: 🌐 เว็บไซต์ | F168: ✅ จัดส่งแล้ว
A169: 161 | B169: 🕹 Lucky Draw | C169: Ford | D169: 0J2J7P | E169: 🌐 เว็บไซต์ | F169: ✅ จัดส่งแล้ว
A170: 162 | B170: 🕹 Lucky Draw | C170: Sarawut Inanan | D170: 4D75SV | E170: 🌐 เว็บไซต์ | F170: ✅ จัดส่งแล้ว
A171: 163 | B171: 🕹 Lucky Draw | C171: โบ๊ทจัง ซังคนอ่าน | D171: UUG127 | E171: 🌐 เว็บไซต์ | F171: ✅ จัดส่งแล้ว
A172: 164 | B172: 🕹 Lucky Draw | C172: Kitti Thammakan | D172: 0L76OJ | E172: 🌐 เว็บไซต์ | F172: ✅ จัดส่งแล้ว
A173: 165 | B173: 🕹 Lucky Draw | C173: Pee Peerapon | D173: 6NVD48 | E173: 🌐 เว็บไซต์ | F173: ✅ จัดส่งแล้ว
A174: 166 | B174: 🕹 Lucky Draw | C174: Jarun Ton | D174: Z899UV | E174: 🌐 เว็บไซต์ | F174: ✅ จัดส่งแล้ว
A175: 167 | B175: 🕹 Lucky Draw | C175: B'Narathon Darawan | D175: T7RM98 | E175: 🌐 เว็บไซต์ | F175: ✅ จัดส่งแล้ว
A176: 168 | B176: 🕹 Lucky Draw | C176: Aot Woramet | D176: L6HB28 | E176: 🌐 เว็บไซต์ | F176: ✅ จัดส่งแล้ว
A177: 169 | B177: 🕹 Lucky Draw | C177: อับดุล ลาฮีม | D177: I7KV65 | E177: 🌐 เว็บไซต์ | F177: ✅ จัดส่งแล้ว
A178: 170 | B178: 🕹 Lucky Draw | C178: ขนมเปียกปูน นนนนนนนนนน | D178: 9O06GX | E178: 🌐 เว็บไซต์ | F178: ✅ จัดส่งแล้ว
A179: 171 | B179: 🕹 Lucky Draw | C179: Ball Wanchai Suksee | D179: RA15V3 | E179: 🌐 เว็บไซต์ | F179: ✅ จัดส่งแล้ว
... A202: 194 | B202: 🕹 Lucky Draw | C202: Ball Wanchai | D202: 3T1H6G | E202: 🌐 เว็บไซต์ | F202: ✅ จัดส่งแล้ว
A203: 195 | B203: 🕹 Lucky Draw | C203: Worawit Wattana | D203: 3MN0T5 | E203: 🌐 เว็บไซต์ | F203: ⚙️ กำลังดำเนินการ | H203: แอดไม่ได้
A204: 196 | B204: 🕹 Lucky Draw | C204: Suphakit Daengsaart | D204: HS594L | E204: 🌐 เว็บไซต์ | F204: ✅ จัดส่งแล้ว
A205: 197 | B205: 🕹 Lucky Draw | C205: วิน เทจ | D205: X7BM29 | E205: 🌐 เว็บไซต์ | F205: ✅ จัดส่งแล้ว
A206: 198 | B206: 🕹 Lucky Draw | C206: พงศภัค พงษ์สวัสดิ์ | D206: QG936T | E206: 🌐 เว็บไซต์ | F206: ✅ จัดส่งแล้ว
A207: 199 | B207: 🕹 Lucky Draw | C207: Artty'y Teerapat | D207: 2X8WT1 | E207: 🌐 เว็บไซต์ | F207: ✅ จัดส่งแล้ว
A208: 200 | B208: 🕹 Lucky Draw | C208: ณัฐพร ขุนเอม | D208: 3T75YE | E208: 🌐 เว็บไซต์ | F208: ✅ จัดส่งแล้ว

Sheet 4 STEPS
A1: 4 STEPS
A2: วันที่จัดส่ง | B2: 46183 | C2: รายละเอียดกิจกรรม และของรางวัล | D2: ผู้รับผิดชอบการจัดส่ง | E2: ตัดรอบบิลส่งของ
A3: สถานะการจัดส่ง | B3: ⚙️ กำลังดำเนินการ | C3: คลิกอ่านรายละเอียด | D3: ทีมสีเหลือง | E3: ทุกวันพุธ
A5: ระยะเวลากดรับของรางวัล (สำหรับสีเหลือง) | B5: เริ่ม | C5: 10 มิ.ย. 69 เวลา 12.00 น. | I5: เทสอินเกมแล้ว | J5: สุ่มผู้โชคดีที่ทำตามกติกา 50 รางวัล
B6: สิ้นสุด | C6: 17 มิ.ย. 69 เวลา 23.59 น.
I7: Bundle | J7: Image | K7: Item ID | L7: Item EN | M7: Own Period | N7: Item Type | O7: Amount | P7: Total Price | Q7: Image URL
A8: NO. | B8: Reward | C8: Facebook | D8: UID | E8: วิธีการรับรางวัล | F8: สถานะการจัดส่ง | I8: 1203 | J8: {=IFERROR(INDEX(Data!$A$4:$O1003, MATCH($L8, INDEX(Data!$A$4:$O1003, 0, MATCH("Item EN", Data!$A$3:$O$3, FALSE)), FALSE), MATCH("Image", Data!$A$3:$O$3, FALSE) ),"")} | K8: {=IFERROR(INDEX(Data!$A$4:$O1003, MATCH($L8, INDEX(Data!$A$4:$O1003, 0, MATCH("Item EN", Data!$A$3:$O$3, FALSE)), FALSE), MATCH("Item ID", Data!$A$3:$O$3, FALSE) ),"")} -> 101022 | L8: AK-74M | N8: {=IFERROR(INDEX(Data!$A$4:$O1003, MATCH($L8, INDEX(Data!$A$4:$O1003, 0, MATCH("Item EN", Data!$A$3:$O$3, FALSE)), FALSE), MATCH("Item Type", Data!$A$3:$O$3, FALSE) ),"")} -> Weapon | O8: 1 | P8: {=IF(O8="",,IFERROR(INDEX(Data!$A$4:$O1003, MATCH($L8, INDEX(Data!$A$4:$O1003, 0, MATCH("Item EN", Data!$A$3:$O$3, FALSE)), FALSE), MATCH("Price", Data!$A$3:$O$3, FALSE) ),"")*O8)} -> 4 | Q8: {=IFERROR(INDEX(Data!$A$4:$O1003, MATCH($L8, INDEX(Data!$A$4:$O1003, 0, MATCH("Item EN", Data!$A$3:$O$3, FALSE)), FALSE), MATCH("Image URL", Data!$A$3:$O$3, FALSE) ),"")} -> https://cdn.exe.in.th/marketing/WarzTH_LE/Item%20Dict/ak_74m.png
A9: 1 | B9: 🕹 Lucky Draw | C9: Mos Wattana | D9: 5PE89F | E9: 🌐 เว็บไซต์ | F9: ✅ จัดส่งแล้ว | I9: สร้างบันเดิลไว้รอรายชื่อเพื่อแอดรางวัล | J9: {=IFERROR(INDEX(Data!$A$4:$O1003, MATCH($L9, INDEX(Data!$A$4:$O1003, 0, MATCH("Item EN", Data!$A$3:$O$3, FALSE)), FALSE), MATCH("Image", Data!$A$3:$O$3, FALSE) ),"")} | K9: {=IFERROR(INDEX(Data!$A$4:$O1003, MATCH($L9, INDEX(Data!$A$4:$O1003, 0, MATCH("Item EN", Data!$A$3:$O$3, FALSE)), FALSE), MATCH("Item ID", Data!$A$3:$O$3, FALSE) ),"")} -> 400100 | L9: 5.45 AK Drum | N9: {=IFERROR(INDEX(Data!$A$4:$O1003, MATCH($L9, INDEX(Data!$A$4:$O1003, 0, MATCH("Item EN", Data!$A$3:$O$3, FALSE)), FALSE), MATCH("Item Type", Data!$A$3:$O$3, FALSE) ),"")} -> Ammo | O9: 1 | P9: {=IF(O9="",,IFERROR(INDEX(Data!$A$4:$O1003, MATCH($L9, INDEX(Data!$A$4:$O1003, 0, MATCH("Item EN", Data!$A$3:$O$3, FALSE)), FALSE), MATCH("Price", Data!$A$3:$O$3, FALSE) ),"")*O9)} -> 1.5 | Q9: {=IFERROR(INDEX(Data!$A$4:$O1003, MATCH($L9, INDEX(Data!$A$4:$O1003, 0, MATCH("Item EN", Data!$A$3:$O$3, FALSE)), FALSE), MATCH("Image URL", Data!$A$3:$O$3, FALSE) ),"")} -> https://cdn.exe.in.th/marketing/WarzTH_LE/Item%20Dict/5.45AK_drum.png
A10: 2 | B10: 🕹 Lucky Draw | C10: ตอง เจ | D10: O6B16U | E10: 🌐 เว็บไซต์ | F10: ✅ จัดส่งแล้ว | J10: {=IFERROR(INDEX(Data!$A$4:$O1003, MATCH($L10, INDEX(Data!$A$4:$O1003, 0, MATCH("Item EN", Data!$A$3:$O$3, FALSE)), FALSE), MATCH("Image", Data!$A$3:$O$3, FALSE) ),"")} | K10: {=IFERROR(INDEX(Data!$A$4:$O1003, MATCH($L10, INDEX(Data!$A$4:$O1003, 0, MATCH("Item EN", Data!$A$3:$O$3, FALSE)), FALSE), MATCH("Item ID", Data!$A$3:$O$3, FALSE) ),"")} -> 20067 | L10: K Style NVG | N10: {=IFERROR(INDEX(Data!$A$4:$O1003, MATCH($L10, INDEX(Data!$A$4:$O1003, 0, MATCH("Item EN", Data!$A$3:$O$3, FALSE)), FALSE), MATCH("Item Type", Data!$A$3:$O$3, FALSE) ),"")} -> Equipment | O10: 1 | P10: {=IF(O10="",,IFERROR(INDEX(Data!$A$4:$O1003, MATCH($L10, INDEX(Data!$A$4:$O1003, 0, MATCH("Item EN", Data!$A$3:$O$3, FALSE)), FALSE), MATCH("Price", Data!$A$3:$O$3, FALSE) ),"")*O10)} -> 2 | Q10: {=IFERROR(INDEX(Data!$A$4:$O1003, MATCH($L10, INDEX(Data!$A$4:$O1003, 0, MATCH("Item EN", Data!$A$3:$O$3, FALSE)), FALSE), MATCH("Image URL", Data!$A$3:$O$3, FALSE) ),"")} -> https://cdn.exe.in.th/marketing/WarzTH_LE/Item%20Dict/nvg_goggles.png
A11: 3 | B11: 🕹 Lucky Draw | C11: Khomkrit Chaichanan | D11: W0Q71T | E11: 🌐 เว็บไซต์ | F11: ✅ จัดส่งแล้ว | J11: {=IFERROR(INDEX(Data!$A$4:$O1003, MATCH($L11, INDEX(Data!$A$4:$O1003, 0, MATCH("Item EN", Data!$A$3:$O$3, FALSE)), FALSE), MATCH("Image", Data!$A$3:$O$3, FALSE) ),"")} | K11: {=IFERROR(INDEX(Data!$A$4:$O1003, MATCH($L11, INDEX(Data!$A$4:$O1003, 0, MATCH("Item EN", Data!$A$3:$O$3, FALSE)), FALSE), MATCH("Item ID", Data!$A$3:$O$3, FALSE) ),"")} -> 20015 | L11: Custom Guerilla | N11: {=IFERROR(INDEX(Data!$A$4:$O1003, MATCH($L11, INDEX(Data!$A$4:$O1003, 0, MATCH("Item EN", Data!$A$3:$O$3, FALSE)), FALSE), MATCH("Item Type", Data!$A$3:$O$3, FALSE) ),"")} -> Equipment | O11: 1 | P11: {=IF(O11="",,IFERROR(INDEX(Data!$A$4:$O1003, MATCH($L11, INDEX(Data!$A$4:$O1003, 0, MATCH("Item EN", Data!$A$3:$O$3, FALSE)), FALSE), MATCH("Price", Data!$A$3:$O$3, FALSE) ),"")*O11)} -> 1.5 | Q11: {=IFERROR(INDEX(Data!$A$4:$O1003, MATCH($L11, INDEX(Data!$A$4:$O1003, 0, MATCH("Item EN", Data!$A$3:$O$3, FALSE)), FALSE), MATCH("Image URL", Data!$A$3:$O$3, FALSE) ),"")} -> https://cdn.exe.in.th/marketing/WarzTH_LE/Item%20Dict/custom_guerilla.png
A12: 4 | B12: 🕹 Lucky Draw | C12: Nuttanut Jongphattarasup | D12: QM094H | E12: 🌐 เว็บไซต์ | F12: ✅ จัดส่งแล้ว | J12: {=IFERROR(INDEX(Data!$A$4:$O1003, MATCH($L12, INDEX(Data!$A$4:$O1003, 0, MATCH("Item EN", Data!$A$3:$O$3, FALSE)), FALSE), MATCH("Image", Data!$A$3:$O$3, FALSE) ),"")} | K12: {=IFERROR(INDEX(Data!$A$4:$O1003, MATCH($L12, INDEX(Data!$A$4:$O1003, 0, MATCH("Item EN", Data!$A$3:$O$3, FALSE)), FALSE), MATCH("Item ID", Data!$A$3:$O$3, FALSE) ),"")} -> 20185 | L12: ALICE Rucksack | N12: {=IFERROR(INDEX(Data!$A$4:$O1003, MATCH($L12, INDEX(Data!$A$4:$O1003, 0, MATCH("Item EN", Data!$A$3:$O$3, FALSE)), FALSE), MATCH("Item Type", Data!$A$3:$O$3, FALSE) ),"")} -> Equipment | O12: 1 | P12: {=IF(O12="",,IFERROR(INDEX(Data!$A$4:$O1003, MATCH($L12, INDEX(Data!$A$4:$O1003, 0, MATCH("Item EN", Data!$A$3:$O$3, FALSE)), FALSE), MATCH("Price", Data!$A$3:$O$3, FALSE) ),"")*O12)} -> 2.5 | Q12: {=IFERROR(INDEX(Data!$A$4:$O1003, MATCH($L12, INDEX(Data!$A$4:$O1003, 0, MATCH("Item EN", Data!$A$3:$O$3, FALSE)), FALSE), MATCH("Image URL", Data!$A$3:$O$3, FALSE) ),"")} -> https://cdn.exe.in.th/marketing/WarzTH_LE/Item%20Dict/alice_rucksack.png
A13: 5 | B13: 🕹 Lucky Draw | C13: Jakkapong Saensuk | D13: N7A1K6 | E13: 🌐 เว็บไซต์ | F13: ✅ จัดส่งแล้ว | J13: {=IFERROR(INDEX(Data!$A$4:$O1003, MATCH($L13, INDEX(Data!$A$4:$O1003, 0, MATCH("Item EN", Data!$A$3:$O$3, FALSE)), FALSE), MATCH("Image", Data!$A$3:$O$3, FALSE) ),"")} | K13: {=IFERROR(INDEX(Data!$A$4:$O1003, MATCH($L13, INDEX(Data!$A$4:$O1003, 0, MATCH("Item EN", Data!$A$3:$O$3, FALSE)), FALSE), MATCH("Item ID", Data!$A$3:$O$3, FALSE) ),"")} -> 101262 | L13: Bandages DX | N13: {=IFERROR(INDEX(Data!$A$4:$O1003, MATCH($L13, INDEX(Data!$A$4:$O1003, 0, MATCH("Item EN", Data!$A$3:$O$3, FALSE)), FALSE), MATCH("Item Type", Data!$A$3:$O$3, FALSE) ),"")} -> Consumable | O13: 3 | P13: {=IF(O13="",,IFERROR(INDEX(Data!$A$4:$O1003, MATCH($L13, INDEX(Data!$A$4:$O1003, 0, MATCH("Item EN", Data!$A$3:$O$3, FALSE)), FALSE), MATCH("Price", Data!$A$3:$O$3, FALSE) ),"")*O13)} -> 2.4 | Q13: {=IFERROR(INDEX(Data!$A$4:$O1003, MATCH($L13, INDEX(Data!$A$4:$O1003, 0, MATCH("Item EN", Data!$A$3:$O$3, FALSE)), FALSE), MATCH("Image URL", Data!$A$3:$O$3, FALSE) ),"")} -> https://cdn.exe.in.th/marketing/WarzTH_LE/Item%20Dict/bandages_dx.png
A14: 6 | B14: 🕹 Lucky Draw | C14: เจ้ากันต์ | D14: OS8M53 | E14: 🌐 เว็บไซต์ | F14: ✅ จัดส่งแล้ว | J14: {=IFERROR(INDEX(Data!$A$4:$O1003, MATCH($L14, INDEX(Data!$A$4:$O1003, 0, MATCH("Item EN", Data!$A$3:$O$3, FALSE)), FALSE), MATCH("Image", Data!$A$3:$O$3, FALSE) ),"")} | K14: {=IFERROR(INDEX(Data!$A$4:$O1003, MATCH($L14, INDEX(Data!$A$4:$O1003, 0, MATCH("Item EN", Data!$A$3:$O$3, FALSE)), FALSE), MATCH("Item ID", Data!$A$3:$O$3, FALSE) ),"")} -> 101501 | L14: Rod Fishing | N14: {=IFERROR(INDEX(Data!$A$4:$O1003, MATCH($L14, INDEX(Data!$A$4:$O1003, 0, MATCH("Item EN", Data!$A$3:$O$3, FALSE)), FALSE), MATCH("Item Type", Data!$A$3:$O$3, FALSE) ),"")} -> Consumable | O14: 1 | P14: {=IF(O14="",,IFERROR(INDEX(Data!$A$4:$O1003, MATCH($L14, INDEX(Data!$A$4:$O1003, 0, MATCH("Item EN", Data!$A$3:$O$3, FALSE)), FALSE), MATCH("Price", Data!$A$3:$O$3, FALSE) ),"")*O14)} -> 30 | Q14: {=IFERROR(INDEX(Data!$A$4:$O1003, MATCH($L14, INDEX(Data!$A$4:$O1003, 0, MATCH("Item EN", Data!$A$3:$O$3, FALSE)), FALSE), MATCH("Image URL", Data!$A$3:$O$3, FALSE) ),"")} -> https://cdn.exe.in.th/marketing/WarzTH_LE/Item%20Dict/rod_fishing_01.png
A15: 7 | B15: 🕹 Lucky Draw | C15: Noy Arnan | D15: P2LR96 | E15: 🌐 เว็บไซต์ | F15: ✅ จัดส่งแล้ว | J15: {=IFERROR(INDEX(Data!$A$4:$O1003, MATCH($L15, INDEX(Data!$A$4:$O1003, 0, MATCH("Item EN", Data!$A$3:$O$3, FALSE)), FALSE), MATCH("Image", Data!$A$3:$O$3, FALSE) ),"")} | K15: {=IFERROR(INDEX(Data!$A$4:$O1003, MATCH($L15, INDEX(Data!$A$4:$O1003, 0, MATCH("Item EN", Data!$A$3:$O$3, FALSE)), FALSE), MATCH("Item ID", Data!$A$3:$O$3, FALSE) ),"")} -> 301255 | L15: Premium - 1 Days | N15: {=IFERROR(INDEX(Data!$A$4:$O1003, MATCH($L15, INDEX(Data!$A$4:$O1003, 0, MATCH("Item EN", Data!$A$3:$O$3, FALSE)), FALSE), MATCH("Item Type", Data!$A$3:$O$3, FALSE) ),"")} -> Consumable | O15: 1 | P15: {=IF(O15="",,IFERROR(INDEX(Data!$A$4:$O1003, MATCH($L15, INDEX(Data!$A$4:$O1003, 0, MATCH("Item EN", Data!$A$3:$O$3, FALSE)), FALSE), MATCH("Price", Data!$A$3:$O$3, FALSE) ),"")*O15)} -> 20 | Q15: {=IFERROR(INDEX(Data!$A$4:$O1003, MATCH($L15, INDEX(Data!$A$4:$O1003, 0, MATCH("Item EN", Data!$A$3:$O$3, FALSE)), FALSE), MATCH("Image URL", Data!$A$3:$O$3, FALSE) ),"")} -> https://cdn.exe.in.th/marketing/WarzTH_LE/Item%20Dict/1Days.png
A16: 8 | B16: 🕹 Lucky Draw | C16: Nopadon Tano | D16: 68EBO0 | E16: 🌐 เว็บไซต์ | F16: ✅ จัดส่งแล้ว
A17: 9 | B17: 🕹 Lucky Draw | C17: Phiriya Chaimala | D17: B77KNO | E17: 🌐 เว็บไซต์ | F17: ✅ จัดส่งแล้ว
A18: 10 | B18: 🕹 Lucky Draw | C18: Jiranchai Pele | D18: L293IQ | E18: 🌐 เว็บไซต์ | F18: ✅ จัดส่งแล้ว | I18: เทสอินเกมแล้ว
A19: 11 | B19: 🕹 Lucky Draw | C19: Jirapong Pormma | D19: LB66P5 | E19: 🌐 เว็บไซต์ | F19: ✅ จัดส่งแล้ว | J19: Master Code : WARZINWZA
A20: 12 | B20: 🕹 Lucky Draw | C20: อาร์ต 'ซี่ | D20: AHC135 | E20: 🌐 เว็บไซต์ | F20: ✅ จัดส่งแล้ว
A21: 13 | B21: 🕹 Lucky Draw | C21: Puen Ishikawa | D21: H84P4L | E21: 🌐 เว็บไซต์ | F21: ✅ จัดส่งแล้ว | I21: Bundle | J21: Image | K21: Item ID | L21: Item EN | M21: Own Period | N21: Item Type | O21: Amount | P21: Total Price | Q21: Image URL
A22: 14 | B22: 🕹 Lucky Draw | C22: Jirayut Thammarak | D22: 8IW65S | E22: 🌐 เว็บไซต์ | F22: ✅ จัดส่งแล้ว | I22: 1306 | J22: {=IFERROR(INDEX(Data!$A$4:$O1003, MATCH($L22, INDEX(Data!$A$4:$O1003, 0, MATCH("Item EN", Data!$A$3:$O$3, FALSE)), FALSE), MATCH("Image", Data!$A$3:$O$3, FALSE) ),"")} | K22: {=IFERROR(INDEX(Data!$A$4:$O1003, MATCH($L22, INDEX(Data!$A$4:$O1003, 0, MATCH("Item EN", Data!$A$3:$O$3, FALSE)), FALSE), MATCH("Item ID", Data!$A$3:$O$3, FALSE) ),"")} -> 101300 | L22: Pain killers | N22: {=IFERROR(INDEX(Data!$A$4:$O1003, MATCH($L22, INDEX(Data!$A$4:$O1003, 0, MATCH("Item EN", Data!$A$3:$O$3, FALSE)), FALSE), MATCH("Item Type", Data!$A$3:$O$3, FALSE) ),"")} -> Consumable | O22: 5 | P22: {=IF(O22="",,IFERROR(INDEX(Data!$A$4:$O1003, MATCH($L22, INDEX(Data!$A$4:$O1003, 0, MATCH("Item EN", Data!$A$3:$O$3, FALSE)), FALSE), MATCH("Price", Data!$A$3:$O$3, FALSE) ),"")*O22)} -> 2.5 | Q22: {=IFERROR(INDEX(Data!$A$4:$O1003, MATCH($L22, INDEX(Data!$A$4:$O1003, 0, MATCH("Item EN", Data!$A$3:$O$3, FALSE)), FALSE), MATCH("Image URL", Data!$A$3:$O$3, FALSE) ),"")} -> https://cdn.exe.in.th/marketing/WarzTH_LE/Item%20Dict/pain_killers.png
A23: 15 | B23: 🕹 Lucky Draw | C23: โอม ควย. | D23: DO90D8 | E23: 🌐 เว็บไซต์ | F23: ✅ จัดส่งแล้ว | J23: {=IFERROR(INDEX(Data!$A$4:$O1003, MATCH($L23, INDEX(Data!$A$4:$O1003, 0, MATCH("Item EN", Data!$A$3:$O$3, FALSE)), FALSE), MATCH("Image", Data!$A$3:$O$3, FALSE) ),"")} | K23: {=IFERROR(INDEX(Data!$A$4:$O1003, MATCH($L23, INDEX(Data!$A$4:$O1003, 0, MATCH("Item EN", Data!$A$3:$O$3, FALSE)), FALSE), MATCH("Item ID", Data!$A$3:$O$3, FALSE) ),"")} -> 101256 | L23: Antibiotics | N23: {=IFERROR(INDEX(Data!$A$4:$O1003, MATCH($L23, INDEX(Data!$A$4:$O1003, 0, MATCH("Item EN", Data!$A$3:$O$3, FALSE)), FALSE), MATCH("Item Type", Data!$A$3:$O$3, FALSE) ),"")} -> Consumable | O23: 3 | P23: {=IF(O23="",,IFERROR(INDEX(Data!$A$4:$O1003, MATCH($L23, INDEX(Data!$A$4:$O1003, 0, MATCH("Item EN", Data!$A$3:$O$3, FALSE)), FALSE), MATCH("Price", Data!$A$3:$O$3, FALSE) ),"")*O23)} -> 1.5 | Q23: {=IFERROR(INDEX(Data!$A$4:$O1003, MATCH($L23, INDEX(Data!$A$4:$O1003, 0, MATCH("Item EN", Data!$A$3:$O$3, FALSE)), FALSE), MATCH("Image URL", Data!$A$3:$O$3, FALSE) ),"")} -> https://cdn.exe.in.th/marketing/WarzTH_LE/Item%20Dict/anitibiotics.png
A24: 16 | B24: 🕹 Lucky Draw | C24: Jusmin Jm | D24: B127AE | E24: 🌐 เว็บไซต์ | F24: ✅ จัดส่งแล้ว | J24: {=IFERROR(INDEX(Data!$A$4:$O1003, MATCH($L24, INDEX(Data!$A$4:$O1003, 0, MATCH("Item EN", Data!$A$3:$O$3, FALSE)), FALSE), MATCH("Image", Data!$A$3:$O$3, FALSE) ),"")} | K24: {=IFERROR(INDEX(Data!$A$4:$O1003, MATCH($L24, INDEX(Data!$A$4:$O1003, 0, MATCH("Item EN", Data!$A$3:$O$3, FALSE)), FALSE), MATCH("Item ID", Data!$A$3:$O$3, FALSE) ),"")} -> 101284 | L24: Bag MRE | N24: {=IFERROR(INDEX(Data!$A$4:$O1003, MATCH($L24, INDEX(Data!$A$4:$O1003, 0, MATCH("Item EN", Data!$A$3:$O$3, FALSE)), FALSE), MATCH("Item Type", Data!$A$3:$O$3, FALSE) ),"")} -> Consumable | O24: 1 | P24: {=IF(O24="",,IFERROR(INDEX(Data!$A$4:$O1003, MATCH($L24, INDEX(Data!$A$4:$O1003, 0, MATCH("Item EN", Data!$A$3:$O$3, FALSE)), FALSE), MATCH("Price", Data!$A$3:$O$3, FALSE) ),"")*O24)} -> 1 | Q24: {=IFERROR(INDEX(Data!$A$4:$O1003, MATCH($L24, INDEX(Data!$A$4:$O1003, 0, MATCH("Item EN", Data!$A$3:$O$3, FALSE)), FALSE), MATCH("Image URL", Data!$A$3:$O$3, FALSE) ),"")} -> https://cdn.exe.in.th/marketing/WarzTH_LE/Item%20Dict/mre.png
A25: 17 | B25: 🕹 Lucky Draw | C25: Santichai Tom | D25: 8NAZ63 | E25: 🌐 เว็บไซต์ | F25: ✅ จัดส่งแล้ว | J25: {=IFERROR(INDEX(Data!$A$4:$O1003, MATCH($L25, INDEX(Data!$A$4:$O1003, 0, MATCH("Item EN", Data!$A$3:$O$3, FALSE)), FALSE), MATCH("Image", Data!$A$3:$O$3, FALSE) ),"")} | K25: {=IFERROR(INDEX(Data!$A$4:$O1003, MATCH($L25, INDEX(Data!$A$4:$O1003, 0, MATCH("Item EN", Data!$A$3:$O$3, FALSE)), FALSE), MATCH("Item ID", Data!$A$3:$O$3, FALSE) ),"")} -> 101295 | L25: Electro-AID | N25: {=IFERROR(INDEX(Data!$A$4:$O1003, MATCH($L25, INDEX(Data!$A$4:$O1003, 0, MATCH("Item EN", Data!$A$3:$O$3, FALSE)), FALSE), MATCH("Item Type", Data!$A$3:$O$3, FALSE) ),"")} -> Consumable | O25: 1 | P25: {=IF(O25="",,IFERROR(INDEX(Data!$A$4:$O1003, MATCH($L25, INDEX(Data!$A$4:$O1003, 0, MATCH("Item EN", Data!$A$3:$O$3, FALSE)), FALSE), MATCH("Price", Data!$A$3:$O$3, FALSE) ),"")*O25)} -> 2.5 | Q25: {=IFERROR(INDEX(Data!$A$4:$O1003, MATCH($L25, INDEX(Data!$A$4:$O1003, 0, MATCH("Item EN", Data!$A$3:$O$3, FALSE)), FALSE), MATCH("Image URL", Data!$A$3:$O$3, FALSE) ),"")} -> https://cdn.exe.in.th/marketing/WarzTH_LE/Item%20Dict/electro_aid.png
A26: 18 | B26: 🕹 Lucky Draw | C26: Fluk Obita | D26: S583YJ | E26: 🌐 เว็บไซต์ | F26: ✅ จัดส่งแล้ว | J26: {=IFERROR(INDEX(Data!$A$4:$O1003, MATCH($L26, INDEX(Data!$A$4:$O1003, 0, MATCH("Item EN", Data!$A$3:$O$3, FALSE)), FALSE), MATCH("Image", Data!$A$3:$O$3, FALSE) ),"")} | K26: {=IFERROR(INDEX(Data!$A$4:$O1003, MATCH($L26, INDEX(Data!$A$4:$O1003, 0, MATCH("Item EN", Data!$A$3:$O$3, FALSE)), FALSE), MATCH("Item ID", Data!$A$3:$O$3, FALSE) ),"")} -> 220003 | L26: Blueprints Skin K Style NVG HOF | N26: {=IFERROR(INDEX(Data!$A$4:$O1003, MATCH($L26, INDEX(Data!$A$4:$O1003, 0, MATCH("Item EN", Data!$A$3:$O$3, FALSE)), FALSE), MATCH("Item Type", Data!$A$3:$O$3, FALSE) ),"")} -> Blueprint Skin | O26: 1 | P26: {=IF(O26="",,IFERROR(INDEX(Data!$A$4:$O1003, MATCH($L26, INDEX(Data!$A$4:$O1003, 0, MATCH("Item EN", Data!$A$3:$O$3, FALSE)), FALSE), MATCH("Price", Data!$A$3:$O$3, FALSE) ),"")*O26)} -> #VALUE! | Q26: {=IFERROR(INDEX(Data!$A$4:$O1003, MATCH($L26, INDEX(Data!$A$4:$O1003, 0, MATCH("Item EN", Data!$A$3:$O$3, FALSE)), FALSE), MATCH("Image URL", Data!$A$3:$O$3, FALSE) ),"")} -> https://cdn.exe.in.th/marketing/WarzTH_LE/Item%20Dict/blueprint__hgear_kstyle_nvg_HOF_SET.png
A27: 19 | B27: 🕹 Lucky Draw | C27: Thana Korn | D27: IK109X | E27: 🌐 เว็บไซต์ | F27: ✅ จัดส่งแล้ว
A28: 20 | B28: 🕹 Lucky Draw | C28: ชยพัทธ์ หงษ์ทอง | D28: 1VF79Z | E28: 🌐 เว็บไซต์ | F28: ✅ จัดส่งแล้ว | I28: เทสอินเกมแล้ว
A29: 21 | B29: 🕹 Lucky Draw | C29: ณฐพล บุญประเสริฐ | D29: R94BE1 | E29: 🌐 เว็บไซต์ | F29: ✅ จัดส่งแล้ว | J29: Master Code : FBWARZZA
A30: 22 | B30: 🕹 Lucky Draw | C30: โอ้ งาย | D30: 18QZ5Z | E30: 🌐 เว็บไซต์ | F30: ✅ จัดส่งแล้ว
A31: 23 | B31: 🕹 Lucky Draw | C31: Natthaphong Pnk | D31: Z921SI | E31: 🌐 เว็บไซต์ | F31: ✅ จัดส่งแล้ว | I31: Bundle | J31: Image | K31: Item ID | L31: Item EN | M31: Own Period | N31: Item Type | O31: Amount | P31: Total Price | Q31: Image URL
A32: 24 | B32: 🕹 Lucky Draw | C32: Chattra Wut | D32: YS5Z49 | E32: 🌐 เว็บไซต์ | F32: ✅ จัดส่งแล้ว | I32: 1305 | J32: {=IFERROR(INDEX(Data!$A$4:$O1003, MATCH($L32, INDEX(Data!$A$4:$O1003, 0, MATCH("Item EN", Data!$A$3:$O$3, FALSE)), FALSE), MATCH("Image", Data!$A$3:$O$3, FALSE) ),"")} | K32: {=IFERROR(INDEX(Data!$A$4:$O1003, MATCH($L32, INDEX(Data!$A$4:$O1003, 0, MATCH("Item EN", Data!$A$3:$O$3, FALSE)), FALSE), MATCH("Item ID", Data!$A$3:$O$3, FALSE) ),"")} -> 101336 | L32: Katana | N32: {=IFERROR(INDEX(Data!$A$4:$O1003, MATCH($L32, INDEX(Data!$A$4:$O1003, 0, MATCH("Item EN", Data!$A$3:$O$3, FALSE)), FALSE), MATCH("Item Type", Data!$A$3:$O$3, FALSE) ),"")} -> Weapon | O32: 1 | P32: {=IF(O32="",,IFERROR(INDEX(Data!$A$4:$O1003, MATCH($L32, INDEX(Data!$A$4:$O1003, 0, MATCH("Item EN", Data!$A$3:$O$3, FALSE)), FALSE), MATCH("Price", Data!$A$3:$O$3, FALSE) ),"")*O32)} -> 1.5 | Q32: {=IFERROR(INDEX(Data!$A$4:$O1003, MATCH($L32, INDEX(Data!$A$4:$O1003, 0, MATCH("Item EN", Data!$A$3:$O$3, FALSE)), FALSE), MATCH("Image URL", Data!$A$3:$O$3, FALSE) ),"")} -> https://cdn.exe.in.th/marketing/WarzTH_LE/Item%20Dict/katana.png
A33: 25 | B33: 🕹 Lucky Draw | C33: Kob Srikanok | D33: M2R2P9 | E33: 🌐 เว็บไซต์ | F33: ✅ จัดส่งแล้ว | J33: {=IFERROR(INDEX(Data!$A$4:$O1003, MATCH($L33, INDEX(Data!$A$4:$O1003, 0, MATCH("Item EN", Data!$A$3:$O$3, FALSE)), FALSE), MATCH("Image", Data!$A$3:$O$3, FALSE) ),"")} | K33: {=IFERROR(INDEX(Data!$A$4:$O1003, MATCH($L33, INDEX(Data!$A$4:$O1003, 0, MATCH("Item EN", Data!$A$3:$O$3, FALSE)), FALSE), MATCH("Item ID", Data!$A$3:$O$3, FALSE) ),"")} -> 20054 | L33: IBA Sand | N33: {=IFERROR(INDEX(Data!$A$4:$O1003, MATCH($L33, INDEX(Data!$A$4:$O1003, 0, MATCH("Item EN", Data!$A$3:$O$3, FALSE)), FALSE), MATCH("Item Type", Data!$A$3:$O$3, FALSE) ),"")} -> Equipment | O33: 1 | P33: {=IF(O33="",,IFERROR(INDEX(Data!$A$4:$O1003, MATCH($L33, INDEX(Data!$A$4:$O1003, 0, MATCH("Item EN", Data!$A$3:$O$3, FALSE)), FALSE), MATCH("Price", Data!$A$3:$O$3, FALSE) ),"")*O33)} -> 1.5 | Q33: {=IFERROR(INDEX(Data!$A$4:$O1003, MATCH($L33, INDEX(Data!$A$4:$O1003, 0, MATCH("Item EN", Data!$A$3:$O$3, FALSE)), FALSE), MATCH("Image URL", Data!$A$3:$O$3, FALSE) ),"")} -> https://cdn.exe.in.th/marketing/WarzTH_LE/Item%20Dict/iba_sand.png
A34: 26 | B34: 🕹 Lucky Draw | C34: NonDek Twothousandsix | D34: 7Z78TE | E34: 🌐 เว็บไซต์ | F34: ✅ จัดส่งแล้ว | J34: {=IFERROR(INDEX(Data!$A$4:$O1003, MATCH($L34, INDEX(Data!$A$4:$O1003, 0, MATCH("Item EN", Data!$A$3:$O$3, FALSE)), FALSE), MATCH("Image", Data!$A$3:$O$3, FALSE) ),"")} | K34: {=IFERROR(INDEX(Data!$A$4:$O1003, MATCH($L34, INDEX(Data!$A$4:$O1003, 0, MATCH("Item EN", Data!$A$3:$O$3, FALSE)), FALSE), MATCH("Item ID", Data!$A$3:$O$3, FALSE) ),"")} -> 20006 | L34: K. Style Helmet | N34: {=IFERROR(INDEX(Data!$A$4:$O1003, MATCH($L34, INDEX(Data!$A$4:$O1003, 0, MATCH("Item EN", Data!$A$3:$O$3, FALSE)), FALSE), MATCH("Item Type", Data!$A$3:$O$3, FALSE) ),"")} -> Equipment | O34: 1 | P34: {=IF(O34="",,IFERROR(INDEX(Data!$A$4:$O1003, MATCH($L34, INDEX(Data!$A$4:$O1003, 0, MATCH("Item EN", Data!$A$3:$O$3, FALSE)), FALSE), MATCH("Price", Data!$A$3:$O$3, FALSE) ),"")*O34)} -> 1.5 | Q34: {=IFERROR(INDEX(Data!$A$4:$O1003, MATCH($L34, INDEX(Data!$A$4:$O1003, 0, MATCH("Item EN", Data!$A$3:$O$3, FALSE)), FALSE), MATCH("Image URL", Data!$A$3:$O$3, FALSE) ),"")} -> https://cdn.exe.in.th/marketing/WarzTH_LE/Item%20Dict/k._style_helmet.png
A35: 27 | B35: 🕹 Lucky Draw | C35: Supakorn Thongnangrong | D35: 289JOY | E35: 🌐 เว็บไซต์ | F35: ✅ จัดส่งแล้ว | J35: {=IFERROR(INDEX(Data!$A$4:$O1003, MATCH($L35, INDEX(Data!$A$4:$O1003, 0, MATCH("Item EN", Data!$A$3:$O$3, FALSE)), FALSE), MATCH("Image", Data!$A$3:$O$3, FALSE) ),"")} | K35: {=IFERROR(INDEX(Data!$A$4:$O1003, MATCH($L35, INDEX(Data!$A$4:$O1003, 0, MATCH("Item EN", Data!$A$3:$O$3, FALSE)), FALSE), MATCH("Item ID", Data!$A$3:$O$3, FALSE) ),"")} -> 20179 | L35: Large Backpack | N35: {=IFERROR(INDEX(Data!$A$4:$O1003, MATCH($L35, INDEX(Data!$A$4:$O1003, 0, MATCH("Item EN", Data!$A$3:$O$3, FALSE)), FALSE), MATCH("Item Type", Data!$A$3:$O$3, FALSE) ),"")} -> Equipment | O35: 1 | P35: {=IF(O35="",,IFERROR(INDEX(Data!$A$4:$O1003, MATCH($L35, INDEX(Data!$A$4:$O1003, 0, MATCH("Item EN", Data!$A$3:$O$3, FALSE)), FALSE), MATCH("Price", Data!$A$3:$O$3, FALSE) ),"")*O35)} -> 2 | Q35: {=IFERROR(INDEX(Data!$A$4:$O1003, MATCH($L35, INDEX(Data!$A$4:$O1003, 0, MATCH("Item EN", Data!$A$3:$O$3, FALSE)), FALSE), MATCH("Image URL", Data!$A$3:$O$3, FALSE) ),"")} -> https://cdn.exe.in.th/marketing/WarzTH_LE/Item%20Dict/large_backpack.png
